"task_id","scenario","data_seed","method","elapsed_seconds","true_theta_a","true_theta_b","true_alpha","true_sigma_sq","true_q","loglik","theta_a","theta_b","alpha","sigma_sq","q","error"
"baseline-1101-pruning","baseline",1101,"pruning",19.171,5,10,0.5,0.2,0.3,-85.1676189679921,4.79722077127046,9.75141069923389,0.647009003682166,0.259281200786914,0.377251989833909,NA
"baseline-1101-hOUwie","baseline",1101,"hOUwie",16.658,5,10,0.5,0.2,0.3,-103.594641884442,5.790896459989,15.4758259309341,0.0869740082415369,0.418751491152362,0.0831777679217983,NA
"baseline-1102-pruning","baseline",1102,"pruning",20.332,5,10,0.5,0.2,0.3,-83.3922012582842,4.88114145737082,10,0.638017302452143,0.200645921813933,0.46961155471376,NA
"baseline-1102-hOUwie","baseline",1102,"hOUwie",16.458,5,10,0.5,0.2,0.3,-107.357587327529,5.09347917692472,8.9716524416653,0.244488060121184,0.738027137008112,0.156474279232565,NA
"baseline-1103-pruning","baseline",1103,"pruning",20.851,5,10,0.5,0.2,0.3,-85.2222853318061,4.92481263805877,10,0.504154501489232,0.145903834178071,0.3208738481375,NA
"baseline-1103-hOUwie","baseline",1103,"hOUwie",16.202,5,10,0.5,0.2,0.3,-116.574215210173,0.528199784242324,9.16265551067556,0.11267744682463,0.511240631617882,0.270114152765982,NA
"weak-alpha-1101-pruning","weak-alpha",1101,"pruning",20.42,5,10,0.05,0.2,0.3,-89.0074633537221,6.46583321703327,10.8227696608627,0.0658425701999474,0.16693924836421,0.432239364286632,NA
"weak-alpha-1101-hOUwie","weak-alpha",1101,"hOUwie",16.701,5,10,0.05,0.2,0.3,-97.9923614714173,9.73698028559631,10,0.022648947309236,0.15622478082636,0.115166924570265,NA
"weak-alpha-1102-pruning","weak-alpha",1102,"pruning",20.184,5,10,0.05,0.2,0.3,-77.4383785393107,9.05779274542702,9.7866760074552,0.125803043461317,0.221336152038435,0.371451809199902,NA
"weak-alpha-1102-hOUwie","weak-alpha",1102,"hOUwie",16.404,5,10,0.05,0.2,0.3,-83.088420640301,9.05796386975655,9.79492341062953,0.105811162018324,0.206121058934065,0.157131001919311,NA
"weak-alpha-1103-pruning","weak-alpha",1103,"pruning",20.076,5,10,0.05,0.2,0.3,-56.8260245632627,8.67999934362092,9.48493926982512,0.573976674062372,0.302800164194536,0.225496134934386,NA
"weak-alpha-1103-hOUwie","weak-alpha",1103,"hOUwie",16.767,5,10,0.05,0.2,0.3,-62.1900495278791,6.76069851566875,9.37708581119279,0.140211458352913,0.183820218562107,0.143925339813153,NA
"strong-alpha-1101-pruning","strong-alpha",1101,"pruning",20.048,5,10,1.5,0.2,0.3,-80.487859685473,4.90097952323925,10.0921379093443,0.986971635522139,0.227623319741121,0.305756176326907,NA
"strong-alpha-1101-hOUwie","strong-alpha",1101,"hOUwie",17.038,5,10,1.5,0.2,0.3,-146.461112680666,2.04601329567067,11.8537509462339,0.167527098578117,0.771026304476687,10.2699485717065,NA
"strong-alpha-1102-pruning","strong-alpha",1102,"pruning",19.852,5,10,1.5,0.2,0.3,-82.0180033717783,4.8860977771238,9.89634883206861,0.954633956587176,0.261475959834562,0.215427265556998,NA
"strong-alpha-1102-hOUwie","strong-alpha",1102,"hOUwie",17.439,5,10,1.5,0.2,0.3,-106.217117357168,3.9751515744024,9.47201139789195,0.337239139505125,0.857680922397113,0.111792228050886,NA
"strong-alpha-1103-pruning","strong-alpha",1103,"pruning",19.836,5,10,1.5,0.2,0.3,-73.0185469877807,4.95746047198323,10.1376476095862,0.861525080071789,0.20917897569684,0.243323331878892,NA
"strong-alpha-1103-hOUwie","strong-alpha",1103,"hOUwie",17.234,5,10,1.5,0.2,0.3,-96.7741814571025,5.25672980583378,10.9606993774713,0.516275360723287,0.650590937255694,0.166628836169387,NA
"low-sigma-squared-1101-pruning","low-sigma-squared",1101,"pruning",19.771,5,10,0.5,0.05,0.3,-66.6393887868543,4.94708539299221,10.0373331587458,0.483734224287195,0.0876007103894895,0.317173098073731,NA
"low-sigma-squared-1101-hOUwie","low-sigma-squared",1101,"hOUwie",17.615,5,10,0.5,0.05,0.3,-89.9855064997362,5.93659576019926,12.9244773415851,0.129471515047366,0.423070479277339,0.0999727427074654,NA
"low-sigma-squared-1102-pruning","low-sigma-squared",1102,"pruning",19.642,5,10,0.5,0.05,0.3,-94.7413711385366,5.23027814418812,10.5573096802701,0.402682854342245,0.241888210331046,0.37269388939098,NA
"low-sigma-squared-1102-hOUwie","low-sigma-squared",1102,"hOUwie",16.95,5,10,0.5,0.05,0.3,-120.661540826748,3.87105713343223,9.33249316853062,0.12266123307772,0.52073227050421,0.278970534175742,NA
"low-sigma-squared-1103-pruning","low-sigma-squared",1103,"pruning",20.437,5,10,0.5,0.05,0.3,-62.0687438005164,4.81490121309993,10,0.409375770085493,0.009237853968506,0.437686955502417,NA
"low-sigma-squared-1103-hOUwie","low-sigma-squared",1103,"hOUwie",16.046,5,10,0.5,0.05,0.3,-93.4879135100493,2.56017683698637,8.61515094287838,0.217226690003099,0.30419541314126,0.185440647311759,NA
"high-sigma-squared-1101-pruning","high-sigma-squared",1101,"pruning",20.504,5,10,0.5,0.8,0.3,-92.2932906215398,5.01217012494999,9.59005251197798,0.591740583082068,1.00449878025185,0.156756789727404,NA
"high-sigma-squared-1101-hOUwie","high-sigma-squared",1101,"hOUwie",16.694,5,10,0.5,0.8,0.3,-98.9184102547271,5.36907041401799,9.78113966227686,0.434818171214982,1.17835968835375,0.11795767051309,NA
"high-sigma-squared-1102-pruning","high-sigma-squared",1102,"pruning",20.313,5,10,0.5,0.8,0.3,-95.2325699173411,4.99480190784001,9.54043754878411,0.268935744952461,0.619198846927575,0.37909287962497,NA
"high-sigma-squared-1102-hOUwie","high-sigma-squared",1102,"hOUwie",17.776,5,10,0.5,0.8,0.3,-97.5102504935915,4.29956360841839,8.05912319610136,0.189884735328423,0.67340945023681,0.0831978241584286,NA
"high-sigma-squared-1103-pruning","high-sigma-squared",1103,"pruning",17.422,5,10,0.5,0.8,0.3,-84.3336832480796,5.36403181409401,9.45656687337224,0.488283348601687,0.77137679764551,0.119007911395521,NA
"high-sigma-squared-1103-hOUwie","high-sigma-squared",1103,"hOUwie",19.354,5,10,0.5,0.8,0.3,-84.4033973310912,5.39763766806214,8.66059486420632,0.682122147624799,1.04379787863881,0.113472519996779,NA
"small-optimum-separation-1101-pruning","small-optimum-separation",1101,"pruning",20.212,6.5,8.5,0.5,0.2,0.3,-64.5176426529483,6.27298519324048,8.44043025898956,0.357288787881833,0.14291176249039,0.261136361392092,NA
"small-optimum-separation-1101-hOUwie","small-optimum-separation",1101,"hOUwie",16.854,6.5,8.5,0.5,0.2,0.3,-71.8407558121343,6.91453500825008,9.3084436288061,0.154690737069248,0.143044627560377,0.130310201666131,NA
"small-optimum-separation-1102-pruning","small-optimum-separation",1102,"pruning",20.5079999999999,6.5,8.5,0.5,0.2,0.3,-63.6354874176075,6.38408289253842,8.5,0.467167625561283,0.146684553467927,0.744861917525077,NA
"small-optimum-separation-1102-hOUwie","small-optimum-separation",1102,"hOUwie",13.153,6.5,8.5,0.5,0.2,0.3,-75.3251424387185,7.08500714682671,9.4374503549398,0.176340457873338,0.145564497820872,0.182592576441213,NA
"small-optimum-separation-1103-pruning","small-optimum-separation",1103,"pruning",20.18,6.5,8.5,0.5,0.2,0.3,-51.0736633005411,6.27178871069741,8.58916309130004,0.512504451960083,0.0936974643630604,0.467016145851363,NA
"small-optimum-separation-1103-hOUwie","small-optimum-separation",1103,"hOUwie",17.3760000000001,6.5,8.5,0.5,0.2,0.3,-68.1149137460181,6.7255288455497,8.63381492334049,0.212691712619853,0.143907343272138,0.30125058250445,NA
"large-optimum-separation-1101-pruning","large-optimum-separation",1101,"pruning",20.195,2.5,12.5,0.5,0.2,0.3,-110.507996138762,2.47812436620622,12.8118595428404,0.457300155750405,0.225646213899884,0.232453124770108,NA
"large-optimum-separation-1101-hOUwie","large-optimum-separation",1101,"hOUwie",14.567,2.5,12.5,0.5,0.2,0.3,-134.324914234523,2.47451443950096,12.6208016449829,0.34384316684286,1.3018946753481,0.246948449281978,NA
"large-optimum-separation-1102-pruning","large-optimum-separation",1102,"pruning",20.676,2.5,12.5,0.5,0.2,0.3,-100.199275997477,3.94404237873023,12.5,0.752412584741598,0.144481882373873,0.511020981947635,NA
"large-optimum-separation-1102-hOUwie","large-optimum-separation",1102,"hOUwie",16.931,2.5,12.5,0.5,0.2,0.3,-132.455030687577,4.59914672097892,13.4353314118639,0.400374381329061,1.91965018202987,0.242699694936321,NA
"large-optimum-separation-1103-pruning","large-optimum-separation",1103,"pruning",20.898,2.5,12.5,0.5,0.2,0.3,-99.0822596683818,0.377409319957505,12.5,0.338140671405835,0.184918448545021,0.188392829955696,NA
"large-optimum-separation-1103-hOUwie","large-optimum-separation",1103,"hOUwie",17.527,2.5,12.5,0.5,0.2,0.3,-130.994483759454,0.616705863019266,10.4535028812427,0.207003179435715,1.52623934096577,0.07164341992409,NA
"low-q-1101-pruning","low-q",1101,"pruning",20.704,5,10,0.5,0.2,0.05,-45.1790373052759,5.06648508094154,9.92326139317546,0.573323286247019,0.26606833370555,0.0340023125178289,NA
"low-q-1101-hOUwie","low-q",1101,"hOUwie",23.6180000000001,5,10,0.5,0.2,0.05,-46.6154856285783,5.04794374200612,9.85084282427956,0.744163099791714,0.35752327906509,0.0335286899902904,NA
"low-q-1102-pruning","low-q",1102,"pruning",20.418,5,10,0.5,0.2,0.05,-49.1755166355736,4.8197912488146,10.0637481179779,0.550701899572418,0.203936105090013,0.0648357485426386,NA
"low-q-1102-hOUwie","low-q",1102,"hOUwie",15.698,5,10,0.5,0.2,0.05,-52.0094192656783,4.57248576818151,10.1963176366268,0.373511126227531,0.199301813271838,0.0687942453749328,NA
"low-q-1103-pruning","low-q",1103,"pruning",20.715,5,10,0.5,0.2,0.05,-48.553776103597,4.87828871972261,10.0766564175206,0.402642429958877,0.144869467891387,0.0722527146123522,NA
"low-q-1103-hOUwie","low-q",1103,"hOUwie",20.979,5,10,0.5,0.2,0.05,-61.7386720937374,4.8391154519917,10.6511680896226,0.219729898208668,0.253817569560542,0.0712320639721401,NA
"high-q-1101-pruning","high-q",1101,"pruning",20.2040000000001,5,10,0.5,0.2,1,-82.9458253471155,4.62747093204591,9.83842207907488,0.387990132209414,0.115320394797073,1.13316754840843,NA
"high-q-1101-hOUwie","high-q",1101,"hOUwie",17.067,5,10,0.5,0.2,1,-92.4870170406984,4.38366645059121,7.8038232421962,0.144761418097869,0.367911514399967,0.114345518864005,NA
"high-q-1102-pruning","high-q",1102,"pruning",20.559,5,10,0.5,0.2,1,-85.1957623859214,5.06530387236988,9.98487277888474,0.402092444950667,0.152900228767898,1.20460055788401,NA
"high-q-1102-hOUwie","high-q",1102,"hOUwie",17.217,5,10,0.5,0.2,1,-94.5041438945396,6.81955787426288,7.93157375534343,0.208450339161055,0.427682261645706,0.156262507301055,NA
"high-q-1103-pruning","high-q",1103,"pruning",20.558,5,10,0.5,0.2,1,-91.5870127216235,5.7542225467907,9.88668447730511,0.558652866373608,0.174309517021877,1.19372502075462,NA
"high-q-1103-hOUwie","high-q",1103,"hOUwie",14.801,5,10,0.5,0.2,1,-111.917378149576,1.00793780723877,8.70091699198644,0.0919971824869949,0.34032410972237,0.211757327308931,NA
