"tips","scan","cap","point","value","exact","approx","error"
8,"theta separation",4,1,0,-113.6565302585,-113.6565302585,1.4210854715202e-14
8,"theta separation",4,2,0.5,-94.9064806589603,-94.9324418624417,-0.0259612034813586
8,"theta separation",4,3,1,-77.2570558890944,-77.2819245153835,-0.0248686262890629
8,"theta separation",4,4,1.5,-61.6092113546883,-61.6229147657015,-0.0137034110132106
8,"theta separation",4,5,2,-48.0874098137154,-48.0882575346882,-0.000847720972799948
8,"theta separation",4,6,2.5,-36.7267484700289,-36.7269126002567,-0.000164130227766179
8,"theta separation",4,7,3,-27.5354294102569,-27.5355517610542,-0.000122350797237658
8,"theta separation",4,8,3.5,-20.5064326133033,-20.5065197949947,-8.7181691302618e-05
8,"theta separation",4,9,4,-15.617372427115,-15.6174299910076,-5.75638926463284e-05
8,"theta separation",4,10,4.5,-12.8103232834789,-12.8104645448077,-0.00014126132884229
8,"theta separation",4,11,5,-11.8925013430919,-11.8941929685311,-0.00169162543916279
8,"theta separation",4,12,5.5,-12.1297050443411,-12.1434264216595,-0.0137213773183582
8,"theta separation",4,13,6,-12.0607427480927,-12.0565512971027,0.00419145099000673
8,"theta separation",4,14,6.5,-12.0567210385816,-12.0567318927952,-1.08542135688339e-05
8,"theta separation",4,15,7,-13.1037647208851,-13.1038594148988,-9.46940136596908e-05
8,"theta separation",4,16,7.5,-15.3452420304876,-15.3457827561138,-0.000540725626184013
8,"theta separation",4,17,8,-18.7854099961168,-18.7852557368424,0.000154259274406598
8,"theta separation",4,18,8.5,-23.4294532896722,-23.4226764157947,0.00677687387758397
8,"theta separation",4,19,9,-29.1646605945877,-29.2008131196721,-0.0361525250844821
8,"theta separation",4,20,9.5,-32.2204307218217,-32.2022999389606,0.0181307828611281
8,"theta separation",4,21,10,-33.6921885172978,-33.6862412218852,0.005947295412561
8,"theta separation",4,22,10.5,-35.6864410410766,-35.6859925936486,0.000448447428020415
8,"theta separation",4,23,11,-38.2336536807524,-38.2334745276857,0.000179153066746096
8,"theta separation",4,24,11.5,-41.3452738443396,-41.3454334059683,-0.000159561628720439
8,"theta separation",4,25,12,-45.0276989732981,-45.0280973966635,-0.0003984233653469
8,"theta separation",4,26,12.5,-49.2789356609606,-49.2800611045101,-0.00112544354957578
8,"theta separation",4,27,13,-54.067359278091,-54.0707181077722,-0.00335882968119705
8,"theta separation",4,28,13.5,-59.2300356932888,-59.2397709214107,-0.009735228121869
8,"theta separation",4,29,14,-64.3273298041274,-64.3229969632057,0.00433284092174802
8,"theta separation",8,1,0,-113.6565302585,-113.6565302585,1.4210854715202e-14
8,"theta separation",8,2,0.5,-94.9064806589603,-94.905609179785,0.00087147917530217
8,"theta separation",8,3,1,-77.2570558890944,-77.280250274557,-0.0231943854625882
8,"theta separation",8,4,1.5,-61.6092113546883,-61.6159030952072,-0.00669174051897414
8,"theta separation",8,5,2,-48.0874098137154,-48.0882678763038,-0.000858062588449116
8,"theta separation",8,6,2.5,-36.7267484700289,-36.726803046476,-5.4576447119814e-05
8,"theta separation",8,7,3,-27.5354294102569,-27.5354295203615,-1.10104537043298e-07
8,"theta separation",8,8,3.5,-20.5064326133033,-20.5064328833633,-2.70059924645238e-07
8,"theta separation",8,9,4,-15.617372427115,-15.6173730020221,-5.74907092598664e-07
8,"theta separation",8,10,4.5,-12.8103232834789,-12.8103280759989,-4.79252003948716e-06
8,"theta separation",8,11,5,-11.8925013430919,-11.8925250384684,-2.36953765249126e-05
8,"theta separation",8,12,5.5,-12.1297050443411,-12.1296360657439,6.8978597195013e-05
8,"theta separation",8,13,6,-12.0607427480927,-12.060726123443,1.66246497634859e-05
8,"theta separation",8,14,6.5,-12.0567210385816,-12.0567272287608,-6.19017917635745e-06
8,"theta separation",8,15,7,-13.1037647208851,-13.1037623288563,2.39202879548372e-06
8,"theta separation",8,16,7.5,-15.3452420304876,-15.3452422937401,-2.63252488252874e-07
8,"theta separation",8,17,8,-18.7854099961168,-18.785401863383,8.13273385347202e-06
8,"theta separation",8,18,8.5,-23.4294532896722,-23.4294309204904,2.23691818206362e-05
8,"theta separation",8,19,9,-29.1646605945877,-29.1646497465549,1.08480328115945e-05
8,"theta separation",8,20,9.5,-32.2204307218217,-32.2204472247313,-1.65029095953173e-05
8,"theta separation",8,21,10,-33.6921885172978,-33.6921886808314,-1.63533613317668e-07
8,"theta separation",8,22,10.5,-35.6864410410766,-35.6864410478066,-6.72999078688008e-09
8,"theta separation",8,23,11,-38.2336536807524,-38.233653676188,4.56438442597573e-09
8,"theta separation",8,24,11.5,-41.3452738443396,-41.3452738180521,2.62874735312835e-08
8,"theta separation",8,25,12,-45.0276989732981,-45.0276989732572,4.08988398703514e-11
8,"theta separation",8,26,12.5,-49.2789356609606,-49.2789356609605,8.5265128291212e-14
8,"theta separation",8,27,13,-54.067359278091,-54.067359278091,-5.6843418860808e-14
8,"theta separation",8,28,13.5,-59.2300356932888,-59.230035693289,-2.34479102800833e-13
8,"theta separation",8,29,14,-64.3273298041274,-64.3273298041277,-2.55795384873636e-13
8,"theta separation",16,1,0,-113.6565302585,-113.6565302585,1.4210854715202e-14
8,"theta separation",16,2,0.5,-94.9064806589603,-94.9065406715206,-6.00125603398283e-05
8,"theta separation",16,3,1,-77.2570558890944,-77.2571571390504,-0.000101249956003358
8,"theta separation",16,4,1.5,-61.6092113546883,-61.6089987205786,0.000212634109701071
8,"theta separation",16,5,2,-48.0874098137154,-48.0874045580603,5.25565513243009e-06
8,"theta separation",16,6,2.5,-36.7267484700289,-36.7267487404247,-2.70395794643719e-07
8,"theta separation",16,7,3,-27.5354294102569,-27.5354309424642,-1.53220729259829e-06
8,"theta separation",16,8,3.5,-20.5064326133033,-20.5064325872219,2.60814871921866e-08
8,"theta separation",16,9,4,-15.617372427115,-15.6173724239606,3.15434967035344e-09
8,"theta separation",16,10,4.5,-12.8103232834789,-12.8103232841626,-6.83755274621944e-10
8,"theta separation",16,11,5,-11.8925013430919,-11.8925013431118,-1.98685512486918e-11
8,"theta separation",16,12,5.5,-12.1297050443411,-12.129705044116,2.25096385975121e-10
8,"theta separation",16,13,6,-12.0607427480927,-12.0607427474055,6.87254697595563e-10
8,"theta separation",16,14,6.5,-12.0567210385816,-12.0567210422354,-3.65382391009916e-09
8,"theta separation",16,15,7,-13.1037647208851,-13.1037647296564,-8.77131789422947e-09
8,"theta separation",16,16,7.5,-15.3452420304876,-15.3452420306206,-1.32931887719678e-10
8,"theta separation",16,17,8,-18.7854099961168,-18.7854099990678,-2.9509834575947e-09
8,"theta separation",16,18,8.5,-23.4294532896722,-23.429453295654,-5.98176441712894e-09
8,"theta separation",16,19,9,-29.1646605945877,-29.164660602639,-8.05133026915428e-09
8,"theta separation",16,20,9.5,-32.2204307218217,-32.2204307217694,5.23527887708042e-11
8,"theta separation",16,21,10,-33.6921885172978,-33.692188517298,-1.4210854715202e-13
8,"theta separation",16,22,10.5,-35.6864410410766,-35.6864410410766,-4.9737991503207e-14
8,"theta separation",16,23,11,-38.2336536807524,-38.2336536807526,-1.91846538655227e-13
8,"theta separation",16,24,11.5,-41.3452738443396,-41.3452738443397,-7.105427357601e-14
8,"theta separation",16,25,12,-45.0276989732981,-45.0276989732982,-4.2632564145606e-14
8,"theta separation",16,26,12.5,-49.2789356609606,-49.2789356609605,5.6843418860808e-14
8,"theta separation",16,27,13,-54.067359278091,-54.067359278091,-5.6843418860808e-14
8,"theta separation",16,28,13.5,-59.2300356932888,-59.230035693289,-2.34479102800833e-13
8,"theta separation",16,29,14,-64.3273298041274,-64.3273298041277,-2.55795384873636e-13
8,"theta separation",32,1,0,-113.6565302585,-113.6565302585,1.4210854715202e-14
8,"theta separation",32,2,0.5,-94.9064806589603,-94.9064806431315,1.5828845789656e-08
8,"theta separation",32,3,1,-77.2570558890944,-77.2570558913078,-2.21334062189271e-09
8,"theta separation",32,4,1.5,-61.6092113546883,-61.6092113550332,-3.44932971074741e-10
8,"theta separation",32,5,2,-48.0874098137154,-48.087409813688,2.74198441729823e-11
8,"theta separation",32,6,2.5,-36.7267484700289,-36.7267484700277,1.18660636871937e-12
8,"theta separation",32,7,3,-27.5354294102569,-27.5354294102572,-2.23820961764432e-13
8,"theta separation",32,8,3.5,-20.5064326133033,-20.5064326133037,-3.65929508916452e-13
8,"theta separation",32,9,4,-15.617372427115,-15.6173724271153,-3.09086090055644e-13
8,"theta separation",32,10,4.5,-12.8103232834789,-12.8103232834791,-2.59348098552437e-13
8,"theta separation",32,11,5,-11.8925013430919,-11.8925013430921,-1.61648472385423e-13
8,"theta separation",32,12,5.5,-12.1297050443411,-12.1297050443412,-9.41469124882133e-14
8,"theta separation",32,13,6,-12.0607427480927,-12.0607427480928,-1.01252339845814e-13
8,"theta separation",32,14,6.5,-12.0567210385816,-12.0567210385818,-1.61648472385423e-13
8,"theta separation",32,15,7,-13.1037647208851,-13.1037647208852,-1.15463194561016e-13
8,"theta separation",32,16,7.5,-15.3452420304876,-15.3452420304879,-3.03757019537443e-13
8,"theta separation",32,17,8,-18.7854099961168,-18.7854099961167,1.17239551400417e-13
8,"theta separation",32,18,8.5,-23.4294532896722,-23.4294532896724,-1.06581410364015e-13
8,"theta separation",32,19,9,-29.1646605945877,-29.1646605945878,-1.3855583347322e-13
8,"theta separation",32,20,9.5,-32.2204307218217,-32.2204307218218,-1.35003119794419e-13
8,"theta separation",32,21,10,-33.6921885172978,-33.692188517298,-1.4210854715202e-13
8,"theta separation",32,22,10.5,-35.6864410410766,-35.6864410410766,-4.9737991503207e-14
8,"theta separation",32,23,11,-38.2336536807524,-38.2336536807526,-1.91846538655227e-13
8,"theta separation",32,24,11.5,-41.3452738443396,-41.3452738443397,-7.105427357601e-14
8,"theta separation",32,25,12,-45.0276989732981,-45.0276989732982,-4.2632564145606e-14
8,"theta separation",32,26,12.5,-49.2789356609606,-49.2789356609605,5.6843418860808e-14
8,"theta separation",32,27,13,-54.067359278091,-54.067359278091,-5.6843418860808e-14
8,"theta separation",32,28,13.5,-59.2300356932888,-59.230035693289,-2.34479102800833e-13
8,"theta separation",32,29,14,-64.3273298041274,-64.3273298041277,-2.55795384873636e-13
8,"alpha (shared)",4,1,0.02,-24.3081911787458,-24.3081772075295,1.39712162834371e-05
8,"alpha (shared)",4,2,0.0241662708342956,-23.9809105908335,-23.980881430386,2.9160447581944e-05
8,"alpha (shared)",4,3,0.0292004323018262,-23.5871729028756,-23.5871329009522,4.00019234128024e-05
8,"alpha (shared)",4,4,0.0352832777742223,-23.1180172491596,-23.1179975176196,1.97315400392029e-05
8,"alpha (shared)",4,5,0.0426332623306768,-22.5666470897361,-22.5666688845285,-2.17947923815132e-05
8,"alpha (shared)",4,6,0.0515143482016354,-21.9308767805366,-21.9309810833541,-0.000104302817458546
8,"alpha (shared)",4,7,0.0622454845246463,-21.2166634258297,-21.2166765689069,-1.31430772150054e-05
8,"alpha (shared)",4,8,0.0752120618617279,-20.4433750394113,-20.442876395141,0.000498644270290782
8,"alpha (shared)",4,9,0.0908797528478154,-19.6516767020023,-19.650732456613,0.000944245389298715
8,"alpha (shared)",4,10,0.109811236033708,-18.9117695159829,-18.9109121560199,0.000857359963017501
8,"alpha (shared)",4,11,0.132686403531967,-18.3125543210121,-18.3135437412485,-0.00098942023635118
8,"alpha (shared)",4,12,0.160326778189107,-17.8473012394315,-17.8482406592586,-0.000939419827144405
8,"alpha (shared)",4,13,0.193725017185399,-17.0847747885066,-17.0877283107203,-0.00295352221363743
8,"alpha (shared)",4,14,0.234080561634046,-15.74308164683,-15.7526883525387,-0.00960670570874278
8,"alpha (shared)",4,15,0.282842712474619,-14.378265917441,-14.3784425266007,-0.000176609159630914
8,"alpha (shared)",4,16,0.341762679658422,-13.2482497919414,-13.2468261625553,0.00142362938609786
8,"alpha (shared)",4,17,0.412956473884001,-12.5948623970683,-12.5946066064004,0.000255790667894829
8,"alpha (shared)",4,18,0.498980899532823,-13.0890524632074,-13.0891455641773,-9.31009698721397e-05
8,"alpha (shared)",4,19,0.602925377962532,-15.5644902396729,-15.5646391333924,-0.000148893719531529
8,"alpha (shared)",4,20,0.728522898835628,-20.6645368991669,-20.6646361285111,-9.92293441335335e-05
8,"alpha (shared)",4,21,0.880284084112395,-28.6509299426167,-28.6490330506266,0.00189689199013898
8,"alpha (shared)",4,22,1.063659179389,-39.3383061163961,-39.3373763950726,0.000929721323551291
8,"alpha (shared)",4,23,1.28523379022495,-52.2005063722895,-52.2002137883174,0.000292583972097304
8,"alpha (shared)",4,24,1.55296539299822,-56.27133228711,-56.2713280139539,4.27315609385914e-06
8,"alpha (shared)",4,25,1.87646911417417,-56.5821202456569,-56.5821202425272,3.12969916649308e-09
8,"alpha (shared)",4,26,2.26736304126618,-59.6655173051873,-59.6655173017757,3.41164252404269e-09
8,"alpha (shared)",4,27,2.73968546674553,-69.1361994082719,-69.1361994082751,-3.16902060149005e-12
8,"alpha (shared)",4,28,3.31039904950779,-88.460936448065,-88.4609364480662,-1.27897692436818e-12
8,"alpha (shared)",4,29,4,-120.051194293677,-120.051194293676,9.9475983006414e-14
8,"alpha (shared)",8,1,0.02,-24.3081911787458,-24.3081879069902,3.27175551717573e-06
8,"alpha (shared)",8,2,0.0241662708342956,-23.9809105908335,-23.9809032638097,7.32702380901173e-06
8,"alpha (shared)",8,3,0.0292004323018262,-23.5871729028756,-23.5871566173794,1.62854961693881e-05
8,"alpha (shared)",8,4,0.0352832777742223,-23.1180172491596,-23.1179928881058,2.43610538532835e-05
8,"alpha (shared)",8,5,0.0426332623306768,-22.5666470897361,-22.5666207207203,2.63690158206487e-05
8,"alpha (shared)",8,6,0.0515143482016354,-21.9308767805366,-21.9308725019296,4.27860702600924e-06
8,"alpha (shared)",8,7,0.0622454845246463,-21.2166634258297,-21.2166870660533,-2.36402236879485e-05
8,"alpha (shared)",8,8,0.0752120618617279,-20.4433750394113,-20.4434204514139,-4.54120026098792e-05
8,"alpha (shared)",8,9,0.0908797528478154,-19.6516767020023,-19.6516874998287,-1.07978264054509e-05
8,"alpha (shared)",8,10,0.109811236033708,-18.9117695159829,-18.9117765277977,-7.01181478390822e-06
8,"alpha (shared)",8,11,0.132686403531967,-18.3125543210121,-18.3125928253167,-3.85043045767475e-05
8,"alpha (shared)",8,12,0.160326778189107,-17.8473012394315,-17.8474436232363,-0.000142383804842439
8,"alpha (shared)",8,13,0.193725017185399,-17.0847747885066,-17.0847621013386,1.26871679881901e-05
8,"alpha (shared)",8,14,0.234080561634046,-15.74308164683,-15.7430735982641,8.04856588310088e-06
8,"alpha (shared)",8,15,0.282842712474619,-14.378265917441,-14.3782676358801,-1.7184391118974e-06
8,"alpha (shared)",8,16,0.341762679658422,-13.2482497919414,-13.2482819922997,-3.22003582731156e-05
8,"alpha (shared)",8,17,0.412956473884001,-12.5948623970683,-12.5948553157585,7.08130974480525e-06
8,"alpha (shared)",8,18,0.498980899532823,-13.0890524632074,-13.0890500476803,2.41552712942905e-06
8,"alpha (shared)",8,19,0.602925377962532,-15.5644902396729,-15.5644913960625,-1.15638967557175e-06
8,"alpha (shared)",8,20,0.728522898835628,-20.6645368991669,-20.6645369360328,-3.68659023308737e-08
8,"alpha (shared)",8,21,0.880284084112395,-28.6509299426167,-28.6509240398933,5.90272345135645e-06
8,"alpha (shared)",8,22,1.063659179389,-39.3383061163961,-39.33830592508,1.91316182451828e-07
8,"alpha (shared)",8,23,1.28523379022495,-52.2005063722895,-52.2005038669738,2.50531568468659e-06
8,"alpha (shared)",8,24,1.55296539299822,-56.27133228711,-56.2713322931681,-6.05811578680004e-09
8,"alpha (shared)",8,25,1.87646911417417,-56.5821202456569,-56.5821202456617,-4.79616346638068e-12
8,"alpha (shared)",8,26,2.26736304126618,-59.6655173051873,-59.6655173051875,-1.84741111297626e-13
8,"alpha (shared)",8,27,2.73968546674553,-69.1361994082719,-69.1361994082727,-8.10018718766514e-13
8,"alpha (shared)",8,28,3.31039904950779,-88.460936448065,-88.4609364480662,-1.27897692436818e-12
8,"alpha (shared)",8,29,4,-120.051194293677,-120.051194293676,5.6843418860808e-14
8,"alpha (shared)",16,1,0.02,-24.3081911787458,-24.3081910978262,8.09195555007136e-08
8,"alpha (shared)",16,2,0.0241662708342956,-23.9809105908335,-23.980910692949,-1.02115443212369e-07
8,"alpha (shared)",16,3,0.0292004323018262,-23.5871729028756,-23.5871729513513,-4.84756448315693e-08
8,"alpha (shared)",16,4,0.0352832777742223,-23.1180172491596,-23.1180172581496,-8.98999985565752e-09
8,"alpha (shared)",16,5,0.0426332623306768,-22.5666470897361,-22.5666475523361,-4.62599995643131e-07
8,"alpha (shared)",16,6,0.0515143482016354,-21.9308767805366,-21.9308779934996,-1.21296301358598e-06
8,"alpha (shared)",16,7,0.0622454845246463,-21.2166634258297,-21.2166629899687,4.35860929570708e-07
8,"alpha (shared)",16,8,0.0752120618617279,-20.4433750394113,-20.4433753254568,-2.86045455766271e-07
8,"alpha (shared)",16,9,0.0908797528478154,-19.6516767020023,-19.6516772587671,-5.5676488486256e-07
8,"alpha (shared)",16,10,0.109811236033708,-18.9117695159829,-18.9117688309009,6.85082031992579e-07
8,"alpha (shared)",16,11,0.132686403531967,-18.3125543210121,-18.3125542059116,1.1510049091612e-07
8,"alpha (shared)",16,12,0.160326778189107,-17.8473012394315,-17.8472988793386,2.3600928713563e-06
8,"alpha (shared)",16,13,0.193725017185399,-17.0847747885066,-17.0847735429166,1.24559000624913e-06
8,"alpha (shared)",16,14,0.234080561634046,-15.74308164683,-15.7430812743988,3.72431140149843e-07
8,"alpha (shared)",16,15,0.282842712474619,-14.378265917441,-14.37826581985,9.75910268152802e-08
8,"alpha (shared)",16,16,0.341762679658422,-13.2482497919414,-13.2482497880053,3.9360976700209e-09
8,"alpha (shared)",16,17,0.412956473884001,-12.5948623970683,-12.5948623966631,4.05117717150461e-10
8,"alpha (shared)",16,18,0.498980899532823,-13.0890524632074,-13.0890524720056,-8.7981852914254e-09
8,"alpha (shared)",16,19,0.602925377962532,-15.5644902396729,-15.564490239655,1.78079773149875e-11
8,"alpha (shared)",16,20,0.728522898835628,-20.6645368991669,-20.664536899158,8.88533691068005e-12
8,"alpha (shared)",16,21,0.880284084112395,-28.6509299426167,-28.6509299424914,1.2534329130176e-10
8,"alpha (shared)",16,22,1.063659179389,-39.3383061163961,-39.3383061176887,-1.29253407976648e-09
8,"alpha (shared)",16,23,1.28523379022495,-52.2005063722895,-52.2005057807323,5.91557217433092e-07
8,"alpha (shared)",16,24,1.55296539299822,-56.27133228711,-56.2713322871141,-4.17088585891179e-12
8,"alpha (shared)",16,25,1.87646911417417,-56.5821202456569,-56.5821202456566,3.12638803734444e-13
8,"alpha (shared)",16,26,2.26736304126618,-59.6655173051873,-59.6655173051875,-2.06057393370429e-13
8,"alpha (shared)",16,27,2.73968546674553,-69.1361994082719,-69.1361994082727,-8.10018718766514e-13
8,"alpha (shared)",16,28,3.31039904950779,-88.460936448065,-88.4609364480662,-1.27897692436818e-12
8,"alpha (shared)",16,29,4,-120.051194293677,-120.051194293676,5.6843418860808e-14
8,"alpha (shared)",32,1,0.02,-24.3081911787458,-24.3081911780594,6.86394940885293e-10
8,"alpha (shared)",32,2,0.0241662708342956,-23.9809105908335,-23.9809105897829,1.05065112165903e-09
8,"alpha (shared)",32,3,0.0292004323018262,-23.5871729028756,-23.5871729020066,8.68993765834603e-10
8,"alpha (shared)",32,4,0.0352832777742223,-23.1180172491596,-23.1180172480422,1.11741726982473e-09
8,"alpha (shared)",32,5,0.0426332623306768,-22.5666470897361,-22.5666470892098,5.26299004377506e-10
8,"alpha (shared)",32,6,0.0515143482016354,-21.9308767805366,-21.9308767804885,4.81321649203892e-11
8,"alpha (shared)",32,7,0.0622454845246463,-21.2166634258297,-21.2166634360849,-1.02552490943708e-08
8,"alpha (shared)",32,8,0.0752120618617279,-20.4433750394113,-20.4433750406981,-1.28677868360683e-09
8,"alpha (shared)",32,9,0.0908797528478154,-19.6516767020023,-19.651676702317,-3.147242466639e-10
8,"alpha (shared)",32,10,0.109811236033708,-18.9117695159829,-18.9117695152599,7.22945259212793e-10
8,"alpha (shared)",32,11,0.132686403531967,-18.3125543210121,-18.3125543210425,-3.03579383853503e-11
8,"alpha (shared)",32,12,0.160326778189107,-17.8473012394315,-17.8473012394265,5.04485342389671e-12
8,"alpha (shared)",32,13,0.193725017185399,-17.0847747885066,-17.0847747885827,-7.60671525767975e-11
8,"alpha (shared)",32,14,0.234080561634046,-15.74308164683,-15.7430816468293,6.62581101096293e-13
8,"alpha (shared)",32,15,0.282842712474619,-14.378265917441,-14.3782659174411,-1.24344978758018e-13
8,"alpha (shared)",32,16,0.341762679658422,-13.2482497919414,-13.2482497919415,-5.6843418860808e-14
8,"alpha (shared)",32,17,0.412956473884001,-12.5948623970683,-12.5948623970685,-2.89546164822241e-13
8,"alpha (shared)",32,18,0.498980899532823,-13.0890524632074,-13.0890524632076,-1.72306613421824e-13
8,"alpha (shared)",32,19,0.602925377962532,-15.5644902396729,-15.564490239673,-9.76996261670138e-14
8,"alpha (shared)",32,20,0.728522898835628,-20.6645368991669,-20.664536899167,-2.8421709430404e-14
8,"alpha (shared)",32,21,0.880284084112395,-28.6509299426167,-28.6509299426167,1.77635683940025e-14
8,"alpha (shared)",32,22,1.063659179389,-39.3383061163961,-39.3383061163963,-1.84741111297626e-13
8,"alpha (shared)",32,23,1.28523379022495,-52.2005063722895,-52.2005063722894,9.9475983006414e-14
8,"alpha (shared)",32,24,1.55296539299822,-56.27133228711,-56.2713322871104,-4.40536496171262e-13
8,"alpha (shared)",32,25,1.87646911417417,-56.5821202456569,-56.5821202456566,3.12638803734444e-13
8,"alpha (shared)",32,26,2.26736304126618,-59.6655173051873,-59.6655173051875,-2.06057393370429e-13
8,"alpha (shared)",32,27,2.73968546674553,-69.1361994082719,-69.1361994082727,-8.10018718766514e-13
8,"alpha (shared)",32,28,3.31039904950779,-88.460936448065,-88.4609364480662,-1.27897692436818e-12
8,"alpha (shared)",32,29,4,-120.051194293677,-120.051194293676,5.6843418860808e-14
8,"alpha ratio",4,1,1,-15.2489564540682,-15.2589373094121,-0.00998085534393311
8,"alpha ratio",4,2,1.11292361303261,-14.7736071295643,-14.7767898050842,-0.00318267551993578
8,"alpha ratio",4,3,1.23859896844555,-14.2790349278457,-14.2822269129181,-0.00319198507238561
8,"alpha ratio",4,4,1.37846603906089,-13.8184867007681,-13.8211775413908,-0.00269084062269442
8,"alpha ratio",4,5,1.53412740463439,-13.4807137167542,-13.4806728271661,4.0889588166948e-05
8,"alpha ratio",4,6,1.70736661401804,-13.3916453833328,-13.3917426908715,-9.7307538712954e-05
8,"alpha ratio",4,7,1.90016862084421,-13.6953448506406,-13.6954517382149,-0.000106887574339964
8,"alpha ratio",4,8,2.11474252688113,-14.5348182631574,-14.5348997511241,-8.14879666997115e-05
8,"alpha ratio",4,9,2.35354689365025,-16.0403006012699,-16.0403005741698,2.71000395457577e-08
8,"alpha ratio",4,10,2.61931791232291,-18.319684614669,-18.3195137325658,0.000170882103127212
8,"alpha ratio",4,11,2.91510075466344,-21.4476218316267,-21.4491804734764,-0.00155864184966248
8,"alpha ratio",4,12,3.24428446423412,-25.4452884757913,-25.4439557835408,0.00133269225042909
8,"alpha ratio",4,13,3.61064078764099,-30.0594447077438,-30.0640856424071,-0.00464093466322879
8,"alpha ratio",4,14,4.01836739074432,-33.6246319516659,-33.6304710704197,-0.00583911875376231
8,"alpha ratio",4,15,4.47213595499958,-36.2486716749352,-36.2720865629979,-0.0234148880626677
8,"alpha ratio",4,16,4.97714570501116,-38.845077325888,-38.8597432593197,-0.0146659334316865
8,"alpha ratio",4,17,5.53918298061075,-41.4003479135251,-41.4080642550123,-0.00771634148713218
8,"alpha ratio",4,18,6.16468753603005,-43.9930280705777,-43.9956756762302,-0.00264760565251265
8,"alpha ratio",4,19,6.86082632581565,-46.7295852673977,-46.7302568629942,-0.000671595596578811
8,"alpha ratio",4,20,7.63557562291598,-49.7070704475165,-49.7072328496762,-0.000162402159716635
8,"alpha ratio",4,21,8.49781240983936,-53.0645213224528,-53.0645769988169,-5.56763641270663e-05
8,"alpha ratio",4,22,9.45741609003175,-57.0320523315989,-57.0321008765441,-4.85449452156672e-05
8,"alpha ratio",4,23,10.5253816848709,-61.9760220174372,-61.9761170058839,-9.4988446740274e-05
8,"alpha ratio",4,24,11.7139458132737,-68.4398179055396,-68.4398578852862,-3.99797465604479e-05
8,"alpha ratio",4,25,13.0367268973768,-77.1552180308444,-77.1552260500826,-8.01923820858974e-06
8,"alpha ratio",4,26,14.508881200748,-88.992951877029,-88.9929317620252,2.01150038066089e-05
8,"alpha ratio",4,27,16.1472764869973,-104.830337510772,-104.830297396178,4.01145946540282e-05
8,"alpha ratio",4,28,17.9706852885455,-125.337121498547,-125.337228882078,-0.0001073835311729
8,"alpha ratio",4,29,20,-150.744064468615,-180.760094367783,-30.0160298991681
8,"alpha ratio",8,1,1,-15.2489564540682,-15.248958406013,-1.95194481733552e-06
8,"alpha ratio",8,2,1.11292361303261,-14.7736071295643,-14.7736063724749,7.5708934765828e-07
8,"alpha ratio",8,3,1.23859896844555,-14.2790349278457,-14.2790448520712,-9.9242255355847e-06
8,"alpha ratio",8,4,1.37846603906089,-13.8184867007681,-13.8184924130401,-5.71227202961211e-06
8,"alpha ratio",8,5,1.53412740463439,-13.4807137167542,-13.4807181054204,-4.38866616114808e-06
8,"alpha ratio",8,6,1.70736661401804,-13.3916453833328,-13.3916446460777,7.37255058780306e-07
8,"alpha ratio",8,7,1.90016862084421,-13.6953448506406,-13.6953450382711,-1.87630503134528e-07
8,"alpha ratio",8,8,2.11474252688113,-14.5348182631574,-14.5348189117808,-6.48623375454349e-07
8,"alpha ratio",8,9,2.35354689365025,-16.0403006012699,-16.0403021053159,-1.50404607879295e-06
8,"alpha ratio",8,10,2.61931791232291,-18.319684614669,-18.3196819616954,2.65297357771033e-06
8,"alpha ratio",8,11,2.91510075466344,-21.4476218316267,-21.447619785656,2.04597070307955e-06
8,"alpha ratio",8,12,3.24428446423412,-25.4452884757913,-25.4452876582063,8.1758490821926e-07
8,"alpha ratio",8,13,3.61064078764099,-30.0594447077438,-30.0594519885698,-7.2808259545809e-06
8,"alpha ratio",8,14,4.01836739074432,-33.6246319516659,-33.6251142376298,-0.000482285963904872
8,"alpha ratio",8,15,4.47213595499958,-36.2486716749352,-36.2487678870838,-9.62121485841294e-05
8,"alpha ratio",8,16,4.97714570501116,-38.845077325888,-38.8450809352405,-3.60935256793482e-06
8,"alpha ratio",8,17,5.53918298061075,-41.4003479135251,-41.4003469169178,9.96607376180236e-07
8,"alpha ratio",8,18,6.16468753603005,-43.9930280705777,-43.9930279649043,1.05673350958568e-07
8,"alpha ratio",8,19,6.86082632581565,-46.7295852673977,-46.7295852487458,1.86518320788309e-08
8,"alpha ratio",8,20,7.63557562291598,-49.7070704475165,-49.7070703117181,1.35798380540564e-07
8,"alpha ratio",8,21,8.49781240983936,-53.0645213224528,-53.0645207729062,5.4954652739525e-07
8,"alpha ratio",8,22,9.45741609003175,-57.0320523315989,-57.0320524060592,-7.44603454450044e-08
8,"alpha ratio",8,23,10.5253816848709,-61.9760220174372,-61.976022021377,-3.93978183410582e-09
8,"alpha ratio",8,24,11.7139458132737,-68.4398179055396,-68.4398179056775,-1.3790213415632e-10
8,"alpha ratio",8,25,13.0367268973768,-77.1552180308444,-77.1552180308507,-6.23856521997368e-12
8,"alpha ratio",8,26,14.508881200748,-88.992951877029,-88.9929518770279,1.10844666778576e-12
8,"alpha ratio",8,27,16.1472764869973,-104.830337510772,-104.830337510773,-7.24753590475302e-13
8,"alpha ratio",8,28,17.9706852885455,-125.337121498547,-125.337121498546,1.02318153949454e-12
8,"alpha ratio",8,29,20,-150.744064468615,-180.759985620533,-30.0159211519181
8,"alpha ratio",16,1,1,-15.2489564540682,-15.2489558081201,6.45948047051093e-07
8,"alpha ratio",16,2,1.11292361303261,-14.7736071295643,-14.7736066788211,4.50743149471577e-07
8,"alpha ratio",16,3,1.23859896844555,-14.2790349278457,-14.2790349210409,6.80474343539572e-09
8,"alpha ratio",16,4,1.37846603906089,-13.8184867007681,-13.8184867013156,-5.47506928683106e-10
8,"alpha ratio",16,5,1.53412740463439,-13.4807137167542,-13.4807137199589,-3.20462056890847e-09
8,"alpha ratio",16,6,1.70736661401804,-13.3916453833328,-13.3916453828417,4.91098717247951e-10
8,"alpha ratio",16,7,1.90016862084421,-13.6953448506406,-13.695344848173,2.46752307475617e-09
8,"alpha ratio",16,8,2.11474252688113,-14.5348182631574,-14.534818262907,2.50416576363932e-10
8,"alpha ratio",16,9,2.35354689365025,-16.0403006012699,-16.0403006008778,3.9202774360092e-10
8,"alpha ratio",16,10,2.61931791232291,-18.319684614669,-18.3196846155948,-9.25840737409089e-10
8,"alpha ratio",16,11,2.91510075466344,-21.4476218316267,-21.4476218490749,-1.74481940007354e-08
8,"alpha ratio",16,12,3.24428446423412,-25.4452884757913,-25.4452884752129,5.78321390776182e-10
8,"alpha ratio",16,13,3.61064078764099,-30.0594447077438,-30.0594447077885,-4.46576109425223e-11
8,"alpha ratio",16,14,4.01836739074432,-33.6246319516659,-33.6246319523711,-7.05199454387184e-10
8,"alpha ratio",16,15,4.47213595499958,-36.2486716749352,-36.248671674854,8.12008238426642e-11
8,"alpha ratio",16,16,4.97714570501116,-38.845077325888,-38.8450773258666,2.13802309190214e-11
8,"alpha ratio",16,17,5.53918298061075,-41.4003479135251,-41.4003479135309,-5.7127635955112e-12
8,"alpha ratio",16,18,6.16468753603005,-43.9930280705777,-43.993028070596,-1.83533188646834e-11
8,"alpha ratio",16,19,6.86082632581565,-46.7295852673977,-46.7295852673977,-5.6843418860808e-14
8,"alpha ratio",16,20,7.63557562291598,-49.7070704475165,-49.7070704475169,-4.40536496171262e-13
8,"alpha ratio",16,21,8.49781240983936,-53.0645213224528,-53.0645213224524,3.26849658449646e-13
8,"alpha ratio",16,22,9.45741609003175,-57.0320523315989,-57.0320523315994,-5.40012479177676e-13
8,"alpha ratio",16,23,10.5253816848709,-61.9760220174372,-61.9760220174369,2.8421709430404e-13
8,"alpha ratio",16,24,11.7139458132737,-68.4398179055396,-68.4398179055397,-7.105427357601e-14
8,"alpha ratio",16,25,13.0367268973768,-77.1552180308444,-77.1552180308445,-9.9475983006414e-14
8,"alpha ratio",16,26,14.508881200748,-88.992951877029,-88.9929518770279,1.12265752250096e-12
8,"alpha ratio",16,27,16.1472764869973,-104.830337510772,-104.830337510773,-9.52127265918534e-13
8,"alpha ratio",16,28,17.9706852885455,-125.337121498547,-125.337121498546,1.00897068477934e-12
8,"alpha ratio",16,29,20,-150.744064468615,-180.759985609512,-30.0159211408968
8,"alpha ratio",32,1,1,-15.2489564540682,-15.248956454068,1.77635683940025e-13
8,"alpha ratio",32,2,1.11292361303261,-14.7736071295643,-14.7736071295639,3.85469434149854e-13
8,"alpha ratio",32,3,1.23859896844555,-14.2790349278457,-14.2790349278458,-1.17239551400417e-13
8,"alpha ratio",32,4,1.37846603906089,-13.8184867007681,-13.8184867007683,-2.48689957516035e-13
8,"alpha ratio",32,5,1.53412740463439,-13.4807137167542,-13.4807137167544,-1.19015908239817e-13
8,"alpha ratio",32,6,1.70736661401804,-13.3916453833328,-13.3916453833327,1.15463194561016e-13
8,"alpha ratio",32,7,1.90016862084421,-13.6953448506406,-13.6953448506406,-2.8421709430404e-14
8,"alpha ratio",32,8,2.11474252688113,-14.5348182631574,-14.5348182631574,1.4210854715202e-14
8,"alpha ratio",32,9,2.35354689365025,-16.0403006012699,-16.04030060127,-1.20792265079217e-13
8,"alpha ratio",32,10,2.61931791232291,-18.319684614669,-18.3196846146691,-1.49213974509621e-13
8,"alpha ratio",32,11,2.91510075466344,-21.4476218316267,-21.4476218316266,1.74082970261225e-13
8,"alpha ratio",32,12,3.24428446423412,-25.4452884757913,-25.4452884757918,-5.18696197104873e-13
8,"alpha ratio",32,13,3.61064078764099,-30.0594447077438,-30.0594447077438,3.90798504668055e-14
8,"alpha ratio",32,14,4.01836739074432,-33.6246319516659,-33.6246319516662,-2.91322521661641e-13
8,"alpha ratio",32,15,4.47213595499958,-36.2486716749352,-36.2486716749355,-2.8421709430404e-13
8,"alpha ratio",32,16,4.97714570501116,-38.845077325888,-38.845077325888,0
8,"alpha ratio",32,17,5.53918298061075,-41.4003479135251,-41.4003479135251,0
8,"alpha ratio",32,18,6.16468753603005,-43.9930280705777,-43.9930280705777,-6.3948846218409e-14
8,"alpha ratio",32,19,6.86082632581565,-46.7295852673977,-46.7295852673977,-2.1316282072803e-14
8,"alpha ratio",32,20,7.63557562291598,-49.7070704475165,-49.7070704475169,-4.40536496171262e-13
8,"alpha ratio",32,21,8.49781240983936,-53.0645213224528,-53.0645213224524,3.26849658449646e-13
8,"alpha ratio",32,22,9.45741609003175,-57.0320523315989,-57.0320523315994,-5.40012479177676e-13
8,"alpha ratio",32,23,10.5253816848709,-61.9760220174372,-61.9760220174369,2.8421709430404e-13
8,"alpha ratio",32,24,11.7139458132737,-68.4398179055396,-68.4398179055397,-7.105427357601e-14
8,"alpha ratio",32,25,13.0367268973768,-77.1552180308444,-77.1552180308445,-9.9475983006414e-14
8,"alpha ratio",32,26,14.508881200748,-88.992951877029,-88.9929518770279,1.12265752250096e-12
8,"alpha ratio",32,27,16.1472764869973,-104.830337510772,-104.830337510773,-9.52127265918534e-13
8,"alpha ratio",32,28,17.9706852885455,-125.337121498547,-125.337121498546,1.00897068477934e-12
8,"alpha ratio",32,29,20,-150.744064468615,-180.759985609512,-30.0159211408968
8,"sigma.sq ratio",4,1,1,-14.4844757074079,-14.4844761437491,-4.36341172971311e-07
8,"sigma.sq ratio",4,2,1.11292361303261,-14.4124010653295,-14.4123741052118,2.69601177294021e-05
8,"sigma.sq ratio",4,3,1.23859896844555,-14.3604821025511,-14.3601045063478,0.000377596203325226
8,"sigma.sq ratio",4,4,1.37846603906089,-14.3272063245732,-14.3268675690122,0.000338755560969517
8,"sigma.sq ratio",4,5,1.53412740463439,-14.3111336491377,-14.3108425351412,0.000291113996484071
8,"sigma.sq ratio",4,6,1.70736661401804,-14.3108919931654,-14.310659645875,0.000232347290422652
8,"sigma.sq ratio",4,7,1.90016862084421,-14.3251691167307,-14.3226314428604,0.00253767387025938
8,"sigma.sq ratio",4,8,2.11474252688113,-14.3526993137192,-14.3498484847749,0.00285082894430033
8,"sigma.sq ratio",4,9,2.35354689365025,-14.3922441720979,-14.389178358397,0.00306581370096204
8,"sigma.sq ratio",4,10,2.61931791232291,-14.442567744052,-14.4393990081496,0.00316873590237776
8,"sigma.sq ratio",4,11,2.91510075466344,-14.5024079080061,-14.4992659145815,0.00314199342460064
8,"sigma.sq ratio",4,12,3.24428446423412,-14.5704472380701,-14.5684030152104,0.00204422285967176
8,"sigma.sq ratio",4,13,3.61064078764099,-14.6452881167505,-14.6429073009199,0.00238081583065863
8,"sigma.sq ratio",4,14,4.01836739074432,-14.7254379816568,-14.7227792225785,0.00265875907831337
8,"sigma.sq ratio",4,15,4.47213595499958,-14.8093112937617,-14.8065767719811,0.00273452178054789
8,"sigma.sq ratio",4,16,4.97714570501116,-14.8952546659682,-14.8927612736384,0.00249339232980894
8,"sigma.sq ratio",4,17,5.53918298061075,-14.9815999410048,-14.9817578987547,-0.000157957749951976
8,"sigma.sq ratio",4,18,6.16468753603005,-15.0667461200391,-15.067622042565,-0.000875922525926498
8,"sigma.sq ratio",4,19,6.86082632581565,-15.1492646454233,-15.1510441228295,-0.00177947740619366
8,"sigma.sq ratio",4,20,7.63557562291598,-15.2280145766503,-15.2273656516769,0.000648924973388532
8,"sigma.sq ratio",4,21,8.49781240983936,-15.3022472438682,-15.3017566388378,0.000490605030361024
8,"sigma.sq ratio",4,22,9.45741609003175,-15.3716775739716,-15.3716628757054,1.46982661952677e-05
8,"sigma.sq ratio",4,23,10.5253816848709,-15.4365040786932,-15.4368054465704,-0.000301367877169056
8,"sigma.sq ratio",4,24,11.7139458132737,-15.4973710087708,-15.4978245347978,-0.000453526027017759
8,"sigma.sq ratio",4,25,13.0367268973768,-15.5552803523783,-15.5549326993639,0.000347653014364013
8,"sigma.sq ratio",4,26,14.508881200748,-15.6114725608118,-15.612693976049,-0.0012214152372092
8,"sigma.sq ratio",4,27,16.1472764869973,-15.6672991753633,-15.6684058347641,-0.00110665940071897
8,"sigma.sq ratio",4,28,17.9706852885455,-15.7241076086879,-15.7250634671055,-0.00095585841761725
8,"sigma.sq ratio",4,29,20,-15.7831509640222,-15.7839459769366,-0.000795012914416304
8,"sigma.sq ratio",8,1,1,-14.4844757074079,-14.4844759705637,-2.63155818913674e-07
8,"sigma.sq ratio",8,2,1.11292361303261,-14.4124010653295,-14.4124015126822,-4.47352713095484e-07
8,"sigma.sq ratio",8,3,1.23859896844555,-14.3604821025511,-14.3604827613201,-6.58768998462733e-07
8,"sigma.sq ratio",8,4,1.37846603906089,-14.3272063245732,-14.3272074534827,-1.12890955605849e-06
8,"sigma.sq ratio",8,5,1.53412740463439,-14.3111336491377,-14.3111352675522,-1.61841452595013e-06
8,"sigma.sq ratio",8,6,1.70736661401804,-14.3108919931654,-14.3108939359638,-1.94279837906208e-06
8,"sigma.sq ratio",8,7,1.90016862084421,-14.3251691167307,-14.3251712692414,-2.15251066570943e-06
8,"sigma.sq ratio",8,8,2.11474252688113,-14.3526993137192,-14.3527015129339,-2.19921465927087e-06
8,"sigma.sq ratio",8,9,2.35354689365025,-14.3922441720979,-14.3922462259088,-2.05381084050771e-06
8,"sigma.sq ratio",8,10,2.61931791232291,-14.442567744052,-14.442569269706,-1.52565401201343e-06
8,"sigma.sq ratio",8,11,2.91510075466344,-14.5024079080061,-14.5024089654471,-1.0574409881059e-06
8,"sigma.sq ratio",8,12,3.24428446423412,-14.5704472380701,-14.5704478149038,-5.76833663501475e-07
8,"sigma.sq ratio",8,13,3.61064078764099,-14.6452881167505,-14.6452882841268,-1.67376260407082e-07
8,"sigma.sq ratio",8,14,4.01836739074432,-14.7254379816568,-14.7254378640348,1.17622025896935e-07
8,"sigma.sq ratio",8,15,4.47213595499958,-14.8093112937617,-14.8093110333144,2.60447263755736e-07
8,"sigma.sq ratio",8,16,4.97714570501116,-14.8952546659682,-14.8952544156495,2.50318727523791e-07
8,"sigma.sq ratio",8,17,5.53918298061075,-14.9815999410048,-14.9815999263998,1.46050300742218e-08
8,"sigma.sq ratio",8,18,6.16468753603005,-15.0667461200391,-15.0667467704322,-6.50393182866082e-07
8,"sigma.sq ratio",8,19,6.86082632581565,-15.1492646454233,-15.1492669113043,-2.26588102414382e-06
8,"sigma.sq ratio",8,20,7.63557562291598,-15.2280145766503,-15.2280200333458,-5.45669548834837e-06
8,"sigma.sq ratio",8,21,8.49781240983936,-15.3022472438682,-15.3022579723859,-1.0728517732872e-05
8,"sigma.sq ratio",8,22,9.45741609003175,-15.3716775739716,-15.3716960234313,-1.84494596719986e-05
8,"sigma.sq ratio",8,23,10.5253816848709,-15.4365040786932,-15.4364869246824,1.71540108038215e-05
8,"sigma.sq ratio",8,24,11.7139458132737,-15.4973710087708,-15.497368243708,2.765062841803e-06
8,"sigma.sq ratio",8,25,13.0367268973768,-15.5552803523783,-15.5551587108076,0.000121641570697051
8,"sigma.sq ratio",8,26,14.508881200748,-15.6114725608118,-15.6113650846387,0.00010747617308482
8,"sigma.sq ratio",8,27,16.1472764869973,-15.6672991753633,-15.6672210735089,7.81018544788736e-05
8,"sigma.sq ratio",8,28,17.9706852885455,-15.7241076086879,-15.7242025853706,-9.4976682742498e-05
8,"sigma.sq ratio",8,29,20,-15.7831509640222,-15.7832196694894,-6.87054671573151e-05
8,"sigma.sq ratio",16,1,1,-14.4844757074079,-14.4844757074083,-3.99680288865056e-13
8,"sigma.sq ratio",16,2,1.11292361303261,-14.4124010653295,-14.4124010653293,1.75859327100625e-13
8,"sigma.sq ratio",16,3,1.23859896844555,-14.3604821025511,-14.3604821025512,-3.73034936274053e-14
8,"sigma.sq ratio",16,4,1.37846603906089,-14.3272063245732,-14.3272063245735,-3.48165940522449e-13
8,"sigma.sq ratio",16,5,1.53412740463439,-14.3111336491377,-14.3111336491385,-7.69162511460308e-13
8,"sigma.sq ratio",16,6,1.70736661401804,-14.3108919931654,-14.3108919931662,-7.28306304154103e-13
8,"sigma.sq ratio",16,7,1.90016862084421,-14.3251691167307,-14.3251691167326,-1.88293824976427e-12
8,"sigma.sq ratio",16,8,2.11474252688113,-14.3526993137192,-14.352699313722,-2.75335310107039e-12
8,"sigma.sq ratio",16,9,2.35354689365025,-14.3922441720979,-14.3922441721017,-3.77120557004673e-12
8,"sigma.sq ratio",16,10,2.61931791232291,-14.442567744052,-14.4425677440584,-6.3771210534469e-12
8,"sigma.sq ratio",16,11,2.91510075466344,-14.5024079080061,-14.5024079080158,-9.66871027685556e-12
8,"sigma.sq ratio",16,12,3.24428446423412,-14.5704472380701,-14.570447238083,-1.29443122887096e-11
8,"sigma.sq ratio",16,13,3.61064078764099,-14.6452881167505,-14.6452881167696,-1.90496507457283e-11
8,"sigma.sq ratio",16,14,4.01836739074432,-14.7254379816568,-14.7254379816314,2.53841392350296e-11
8,"sigma.sq ratio",16,15,4.47213595499958,-14.8093112937617,-14.8093112936879,7.37578886855772e-11
8,"sigma.sq ratio",16,16,4.97714570501116,-14.8952546659682,-14.8952546655681,4.00120825361228e-10
8,"sigma.sq ratio",16,17,5.53918298061075,-14.9815999410048,-14.9815999398654,1.13939790935547e-09
8,"sigma.sq ratio",16,18,6.16468753603005,-15.0667461200391,-15.066746119122,9.17045994697219e-10
8,"sigma.sq ratio",16,19,6.86082632581565,-15.1492646454233,-15.1492646517043,-6.28103435929006e-09
8,"sigma.sq ratio",16,20,7.63557562291598,-15.2280145766503,-15.2280145640054,1.26449091197856e-08
8,"sigma.sq ratio",16,21,8.49781240983936,-15.3022472438682,-15.3022472195536,2.43145787948151e-08
8,"sigma.sq ratio",16,22,9.45741609003175,-15.3716775739716,-15.3716773969568,1.770148330138e-07
8,"sigma.sq ratio",16,23,10.5253816848709,-15.4365040786932,-15.4365038998225,1.78870694256261e-07
8,"sigma.sq ratio",16,24,11.7139458132737,-15.4973710087708,-15.4973708230459,1.85724957191269e-07
8,"sigma.sq ratio",16,25,13.0367268973768,-15.5552803523783,-15.5552801975814,1.54796872209317e-07
8,"sigma.sq ratio",16,26,14.508881200748,-15.6114725608118,-15.6114724075829,1.53228853605469e-07
8,"sigma.sq ratio",16,27,16.1472764869973,-15.6672991753633,-15.6672987369028,4.38460569185395e-07
8,"sigma.sq ratio",16,28,17.9706852885455,-15.7241076086879,-15.7241074484178,1.6027006921604e-07
8,"sigma.sq ratio",16,29,20,-15.7831509640222,-15.7831515203838,-5.56361596792954e-07
8,"sigma.sq ratio",32,1,1,-14.4844757074079,-14.4844757074082,-3.26849658449646e-13
8,"sigma.sq ratio",32,2,1.11292361303261,-14.4124010653295,-14.4124010653292,3.00204305858642e-13
8,"sigma.sq ratio",32,3,1.23859896844555,-14.3604821025511,-14.360482102551,1.70530256582424e-13
8,"sigma.sq ratio",32,4,1.37846603906089,-14.3272063245732,-14.3272063245732,5.32907051820075e-15
8,"sigma.sq ratio",32,5,1.53412740463439,-14.3111336491377,-14.3111336491379,-1.79412040779425e-13
8,"sigma.sq ratio",32,6,1.70736661401804,-14.3108919931654,-14.3108919931652,2.57571741713036e-13
8,"sigma.sq ratio",32,7,1.90016862084421,-14.3251691167307,-14.3251691167309,-2.50466314355435e-13
8,"sigma.sq ratio",32,8,2.11474252688113,-14.3526993137192,-14.3526993137193,-8.88178419700125e-14
8,"sigma.sq ratio",32,9,2.35354689365025,-14.3922441720979,-14.3922441720978,1.4388490399142e-13
8,"sigma.sq ratio",32,10,2.61931791232291,-14.442567744052,-14.4425677440518,1.86517468137026e-13
8,"sigma.sq ratio",32,11,2.91510075466344,-14.5024079080061,-14.5024079080061,1.95399252334028e-14
8,"sigma.sq ratio",32,12,3.24428446423412,-14.5704472380701,-14.5704472380702,-1.4210854715202e-13
8,"sigma.sq ratio",32,13,3.61064078764099,-14.6452881167505,-14.6452881167506,-2.48689957516035e-14
8,"sigma.sq ratio",32,14,4.01836739074432,-14.7254379816568,-14.7254379816569,-1.01252339845814e-13
8,"sigma.sq ratio",32,15,4.47213595499958,-14.8093112937617,-14.8093112937615,1.77635683940025e-13
8,"sigma.sq ratio",32,16,4.97714570501116,-14.8952546659682,-14.8952546659683,-1.77635683940025e-14
8,"sigma.sq ratio",32,17,5.53918298061075,-14.9815999410048,-14.9815999410048,-2.48689957516035e-14
8,"sigma.sq ratio",32,18,6.16468753603005,-15.0667461200391,-15.0667461200389,1.22568621918617e-13
8,"sigma.sq ratio",32,19,6.86082632581565,-15.1492646454233,-15.1492646454238,-4.40536496171262e-13
8,"sigma.sq ratio",32,20,7.63557562291598,-15.2280145766503,-15.2280145766501,2.62900812231237e-13
8,"sigma.sq ratio",32,21,8.49781240983936,-15.3022472438682,-15.302247243866,2.1245227799227e-12
8,"sigma.sq ratio",32,22,9.45741609003175,-15.3716775739716,-15.3716775739764,-4.77839989798667e-12
8,"sigma.sq ratio",32,23,10.5253816848709,-15.4365040786932,-15.4365040786721,2.10569339742506e-11
8,"sigma.sq ratio",32,24,11.7139458132737,-15.4973710087708,-15.4973710086132,1.57648116783093e-10
8,"sigma.sq ratio",32,25,13.0367268973768,-15.5552803523783,-15.5552803519587,4.19591472677894e-10
8,"sigma.sq ratio",32,26,14.508881200748,-15.6114725608118,-15.611472559791,1.02080477404343e-09
8,"sigma.sq ratio",32,27,16.1472764869973,-15.6672991753633,-15.6672991765088,-1.14548548424409e-09
8,"sigma.sq ratio",32,28,17.9706852885455,-15.7241076086879,-15.7241076105415,-1.85361592741629e-09
8,"sigma.sq ratio",32,29,20,-15.7831509640222,-15.7831509646946,-6.72446986982322e-10
12,"theta separation",4,1,0,-195.273391152724,-195.27339115272,3.46744855050929e-12
12,"theta separation",4,2,0.5,-156.137464727392,-156.134674484507,0.00279024288505525
12,"theta separation",4,3,1,-120.339840864711,-120.34334157881,-0.00350071409907571
12,"theta separation",4,4,1.5,-89.8697531050396,-89.8677726654331,0.00198043960652683
12,"theta separation",4,5,2,-64.8293532273481,-64.5965972077041,0.232756019644057
12,"theta separation",4,6,2.5,-45.2331552807783,-45.0563089696738,0.176846311104526
12,"theta separation",4,7,3,-31.068122764851,-31.061954215782,0.00616854906905218
12,"theta separation",4,8,3.5,-22.2731487665309,-22.2705479442698,0.00260082226109759
12,"theta separation",4,9,4,-18.5363556256049,-18.5342142603017,0.00214136530311748
12,"theta separation",4,10,4.5,-17.6952368258937,-17.6837410157313,0.0114958101624154
12,"theta separation",4,11,5,-17.5009335513297,-17.5361454314627,-0.0352118801329624
12,"theta separation",4,12,5.5,-19.7150196543286,-19.5699652134762,0.145054440852388
12,"theta separation",4,13,6,-24.2685517773859,-24.0938927688861,0.174659008499781
12,"theta separation",4,14,6.5,-26.0012431665104,-29.5218516716094,-3.52060850509908
12,"theta separation",4,15,7,-28.2998270085298,-32.9178988223259,-4.61807181379612
12,"theta separation",4,16,7.5,-32.348567603599,-32.783526800566,-0.434959196966979
12,"theta separation",4,17,8,-37.2564952406593,-37.0453811539272,0.211114086732138
12,"theta separation",4,18,8.5,-42.9306943972546,-40.9929647323365,1.93772966491807
12,"theta separation",4,19,9,-50.2479611938046,-49.9891335493057,0.258827644498965
12,"theta separation",4,20,9.5,-59.3391384682643,-59.4877922809966,-0.148653812732242
12,"theta separation",4,21,10,-69.9100692213145,-54.4116808167484,15.4983884045661
12,"theta separation",4,22,10.5,-80.5055288477896,-83.0915574440344,-2.58602859624477
12,"theta separation",4,23,11,-90.9661147740563,-93.8202773662659,-2.85416259220953
12,"theta separation",4,24,11.5,-102.678961592953,-114.897282661797,-12.2183210688441
12,"theta separation",4,25,12,-115.857215746523,-133.663594939081,-17.8063791925577
12,"theta separation",4,26,12.5,-130.514179692736,-154.249528423028,-23.7353487302922
12,"theta separation",4,27,13,-146.650799758524,-164.390150078072,-17.7393503195484
12,"theta separation",4,28,13.5,-164.267166893691,-181.807768406224,-17.540601512533
12,"theta separation",4,29,14,-183.363290697487,-199.689763000015,-16.3264723025285
12,"theta separation",8,1,0,-195.273391152724,-195.27339115272,3.46744855050929e-12
12,"theta separation",8,2,0.5,-156.137464727392,-156.136226912846,0.0012378145459877
12,"theta separation",8,3,1,-120.339840864711,-120.339258386179,0.000582478531498509
12,"theta separation",8,4,1.5,-89.8697531050396,-89.868829972158,0.000923132881624156
12,"theta separation",8,5,2,-64.8293532273481,-64.8283461078218,0.00100711952634924
12,"theta separation",8,6,2.5,-45.2331552807783,-45.2331019414264,5.333935188645e-05
12,"theta separation",8,7,3,-31.068122764851,-31.0682023535177,-7.95886666864476e-05
12,"theta separation",8,8,3.5,-22.2731487665309,-22.2730406028292,0.000108163701693087
12,"theta separation",8,9,4,-18.5363556256049,-18.5363274300665,2.81955383307775e-05
12,"theta separation",8,10,4.5,-17.6952368258937,-17.6952731225541,-3.62966604647852e-05
12,"theta separation",8,11,5,-17.5009335513297,-17.5011492192068,-0.00021566787709304
12,"theta separation",8,12,5.5,-19.7150196543286,-19.714350602413,0.000669051915661356
12,"theta separation",8,13,6,-24.2685517773859,-24.2654393835693,0.0031123938165365
12,"theta separation",8,14,6.5,-26.0012431665104,-26.0053567647403,-0.00411359822992807
12,"theta separation",8,15,7,-28.2998270085298,-28.2880161960564,0.0118108124733816
12,"theta separation",8,16,7.5,-32.348567603599,-32.3478255692402,0.000742034358758303
12,"theta separation",8,17,8,-37.2564952406593,-37.777472939087,-0.5209776984277
12,"theta separation",8,18,8.5,-42.9306943972546,-42.9361529162817,-0.0054585190271581
12,"theta separation",8,19,9,-50.2479611938046,-50.281920792186,-0.0339595983813439
12,"theta separation",8,20,9.5,-59.3391384682643,-59.4865986336131,-0.147460165348775
12,"theta separation",8,21,10,-69.9100692213145,-70.5725641014419,-0.662494880127383
12,"theta separation",8,22,10.5,-80.5055288477896,-82.0837925000626,-1.57826365227305
12,"theta separation",8,23,11,-90.9661147740563,-98.4025781826908,-7.43646340863452
12,"theta separation",8,24,11.5,-102.678961592953,-115.147845164226,-12.4688835712727
12,"theta separation",8,25,12,-115.857215746523,-126.978114195058,-11.1208984485345
12,"theta separation",8,26,12.5,-130.514179692736,-145.280023393711,-14.765843700975
12,"theta separation",8,27,13,-146.650799758524,-165.333247835162,-18.6824480766378
12,"theta separation",8,28,13.5,-164.267166893691,-186.758754005956,-22.4915871122648
12,"theta separation",8,29,14,-183.363290697487,-208.863150647413,-25.499859949926
12,"theta separation",16,1,0,-195.273391152724,-195.27339115272,3.46744855050929e-12
12,"theta separation",16,2,0.5,-156.137464727392,-156.137573528043,-0.00010880065073593
12,"theta separation",16,3,1,-120.339840864711,-120.339981349637,-0.000140484926134832
12,"theta separation",16,4,1.5,-89.8697531050396,-89.8698668888245,-0.000113783784897237
12,"theta separation",16,5,2,-64.8293532273481,-64.8294403899823,-8.71626342160425e-05
12,"theta separation",16,6,2.5,-45.2331552807783,-45.2332285322784,-7.32515000478884e-05
12,"theta separation",16,7,3,-31.068122764851,-31.0678293065927,0.000293458258308732
12,"theta separation",16,8,3.5,-22.2731487665309,-22.2731385020599,1.02644710402444e-05
12,"theta separation",16,9,4,-18.5363556256049,-18.5363491772257,6.44837916041752e-06
12,"theta separation",16,10,4.5,-17.6952368258937,-17.6952385198164,-1.69392269810942e-06
12,"theta separation",16,11,5,-17.5009335513297,-17.5009336248542,-7.35245251348715e-08
12,"theta separation",16,12,5.5,-19.7150196543286,-19.7150335549893,-1.39006607220438e-05
12,"theta separation",16,13,6,-24.2685517773859,-24.2679616841844,0.000590093201491726
12,"theta separation",16,14,6.5,-26.0012431665104,-26.0011216799616,0.000121486548742666
12,"theta separation",16,15,7,-28.2998270085298,-28.3001790721247,-0.000352063594895924
12,"theta separation",16,16,7.5,-32.348567603599,-32.3483946222254,0.000172981373594894
12,"theta separation",16,17,8,-37.2564952406593,-37.2560919742361,0.000403266423255388
12,"theta separation",16,18,8.5,-42.9306943972546,-42.9351101235283,-0.00441572627368458
12,"theta separation",16,19,9,-50.2479611938046,-50.2820254022347,-0.034064208430074
12,"theta separation",16,20,9.5,-59.3391384682643,-59.3481227259008,-0.00898425763648447
12,"theta separation",16,21,10,-69.9100692213145,-70.5725609743615,-0.66249175304695
12,"theta separation",16,22,10.5,-80.5055288477896,-82.0920619782461,-1.58653313045649
12,"theta separation",16,23,11,-90.9661147740563,-95.4398723967762,-4.47375762271986
12,"theta separation",16,24,11.5,-102.678961592953,-110.364899101441,-7.68593750848746
12,"theta separation",16,25,12,-115.857215746523,-126.991486662573,-11.1342709160499
12,"theta separation",16,26,12.5,-130.514179692736,-145.333323295355,-14.819143602619
12,"theta separation",16,27,13,-146.650799758524,-165.011026282411,-18.3602265238874
12,"theta separation",16,28,13.5,-164.267166893691,-185.912134127564,-21.6449672338722
12,"theta separation",16,29,14,-183.363290697487,-207.974258736262,-24.6109680387749
12,"theta separation",32,1,0,-195.273391152724,-195.27339115272,3.46744855050929e-12
12,"theta separation",32,2,0.5,-156.137464727392,-156.137468259482,-3.53208949377404e-06
12,"theta separation",32,3,1,-120.339840864711,-120.339839051132,1.81357908957125e-06
12,"theta separation",32,4,1.5,-89.8697531050396,-89.8697498823783,3.22266130581284e-06
12,"theta separation",32,5,2,-64.8293532273481,-64.8293490289285,4.19841958887446e-06
12,"theta separation",32,6,2.5,-45.2331552807783,-45.2331560443212,-7.6354294265002e-07
12,"theta separation",32,7,3,-31.068122764851,-31.0681230006125,-2.35761408617918e-07
12,"theta separation",32,8,3.5,-22.2731487665309,-22.2731487820105,-1.54795714024658e-08
12,"theta separation",32,9,4,-18.5363556256049,-18.5363556235218,2.08310169114156e-09
12,"theta separation",32,10,4.5,-17.6952368258937,-17.6952367965462,2.93474897716806e-08
12,"theta separation",32,11,5,-17.5009335513297,-17.5009335414942,9.8354853150795e-09
12,"theta separation",32,12,5.5,-19.7150196543286,-19.7150196340487,2.02798844384233e-08
12,"theta separation",32,13,6,-24.2685517773859,-24.2685522182798,-4.40893916930918e-07
12,"theta separation",32,14,6.5,-26.0012431665104,-26.0012431282228,3.82875278148731e-08
12,"theta separation",32,15,7,-28.2998270085298,-28.2998271516705,-1.43140773900541e-07
12,"theta separation",32,16,7.5,-32.348567603599,-32.3485675321813,7.14176877636419e-08
12,"theta separation",32,17,8,-37.2564952406593,-37.2564724881334,2.27525259361983e-05
12,"theta separation",32,18,8.5,-42.9306943972546,-42.930708467249,-1.40699944566336e-05
12,"theta separation",32,19,9,-50.2479611938046,-50.2488158453328,-0.000854651528186423
12,"theta separation",32,20,9.5,-59.3391384682643,-59.3444576948667,-0.00531922660242401
12,"theta separation",32,21,10,-69.9100692213145,-70.0509897822757,-0.140920560961149
12,"theta separation",32,22,10.5,-80.5055288477896,-82.064468552073,-1.55893970428343
12,"theta separation",32,23,11,-90.9661147740563,-95.4325294073623,-4.46641463330599
12,"theta separation",32,24,11.5,-102.678961592953,-110.359056979363,-7.68009538640963
12,"theta separation",32,25,12,-115.857215746523,-126.972972533734,-11.1157567872109
12,"theta separation",32,26,12.5,-130.514179692736,-145.253069280266,-14.7388895875297
12,"theta separation",32,27,13,-146.650799758524,-165.011044101737,-18.3602443432132
12,"theta separation",32,28,13.5,-164.267166893691,-185.912155016481,-21.6449881227893
12,"theta separation",32,29,14,-183.363290697487,-207.974260306942,-24.6109696094552
12,"alpha (shared)",4,1,0.02,-28.0701332157755,-28.0698681861195,0.000265029656024041
12,"alpha (shared)",4,2,0.0241662708342956,-27.653083483086,-27.6526735066149,0.000409976471086537
12,"alpha (shared)",4,3,0.0292004323018262,-27.1444074450838,-27.1438509830937,0.000556461990157686
12,"alpha (shared)",4,4,0.0352832777742223,-26.5308103931382,-26.5302474702027,0.000562922935490207
12,"alpha (shared)",4,5,0.0426332623306768,-25.8033554577008,-25.8032698582269,8.55994738415689e-05
12,"alpha (shared)",4,6,0.0515143482016354,-24.9632503550653,-24.9649505621347,-0.00170020706947227
12,"alpha (shared)",4,7,0.0622454845246463,-24.0309032329209,-24.0319917469684,-0.00108851404747767
12,"alpha (shared)",4,8,0.0752120618617279,-23.0587549947644,-23.0602230075455,-0.00146801278115305
12,"alpha (shared)",4,9,0.0908797528478154,-22.145516197409,-22.146544576201,-0.00102837879200735
12,"alpha (shared)",4,10,0.109811236033708,-21.4366181831102,-21.439493141646,-0.0028749585357275
12,"alpha (shared)",4,11,0.132686403531967,-21.0560803891263,-21.0550403694568,0.00104001966950307
12,"alpha (shared)",4,12,0.160326778189107,-20.8726136916227,-20.8579137469539,0.0146999446688483
12,"alpha (shared)",4,13,0.193725017185399,-20.1964317545982,-20.215694545784,-0.0192627911857173
12,"alpha (shared)",4,14,0.234080561634046,-19.0234055821016,-19.0201117150744,0.00329386702716761
12,"alpha (shared)",4,15,0.282842712474619,-18.9927820022847,-18.993367502857,-0.000585500572263697
12,"alpha (shared)",4,16,0.341762679658422,-21.5867653609656,-21.5976434695534,-0.010878108587729
12,"alpha (shared)",4,17,0.412956473884001,-24.7888173303567,-26.1929775047431,-1.40416017438642
12,"alpha (shared)",4,18,0.498980899532823,-28.2412375075311,-32.9036167515842,-4.66237924405317
12,"alpha (shared)",4,19,0.602925377962532,-36.3818151935775,-36.5560668354608,-0.174251641883259
12,"alpha (shared)",4,20,0.728522898835628,-48.3591408948786,-48.3729157414316,-0.0137748465530123
12,"alpha (shared)",4,21,0.880284084112395,-68.3527119580579,-68.3528883819906,-0.000176423932643388
12,"alpha (shared)",4,22,1.063659179389,-100.605078983451,-100.566775002419,0.0383039810325556
12,"alpha (shared)",4,23,1.28523379022495,-149.114222709002,-148.971663369093,0.142559339909326
12,"alpha (shared)",4,24,1.55296539299822,-217.71768394977,-218.039430440807,-0.321746491037061
12,"alpha (shared)",4,25,1.87646911417417,-313.76771484375,-319.564297659689,-5.79658281593947
12,"alpha (shared)",4,26,2.26736304126618,-422.323146952223,-422.282888082574,0.0402588696487669
12,"alpha (shared)",4,27,2.73968546674553,-547.050772754059,-547.050383021095,0.000389732963526512
12,"alpha (shared)",4,28,3.31039904950779,-699.245680624768,-699.24942705686,-0.00374643209249825
12,"alpha (shared)",4,29,4,-886.478135465728,-886.478126776294,8.68943322984705e-06
12,"alpha (shared)",8,1,0.02,-28.0701332157755,-28.0701249959263,8.21984917820373e-06
12,"alpha (shared)",8,2,0.0241662708342956,-27.653083483086,-27.6530687711135,1.47119725113498e-05
12,"alpha (shared)",8,3,0.0292004323018262,-27.1444074450838,-27.1443827615025,2.46835813868529e-05
12,"alpha (shared)",8,4,0.0352832777742223,-26.5308103931382,-26.5308263326808,-1.59395425676223e-05
12,"alpha (shared)",8,5,0.0426332623306768,-25.8033554577008,-25.8032859369687,6.95207320404734e-05
12,"alpha (shared)",8,6,0.0515143482016354,-24.9632503550653,-24.9632894929945,-3.91379292352667e-05
12,"alpha (shared)",8,7,0.0622454845246463,-24.0309032329209,-24.0311618353435,-0.000258602422526621
12,"alpha (shared)",8,8,0.0752120618617279,-23.0587549947644,-23.0589284750164,-0.000173480251987712
12,"alpha (shared)",8,9,0.0908797528478154,-22.145516197409,-22.1455903765404,-7.41791314631257e-05
12,"alpha (shared)",8,10,0.109811236033708,-21.4366181831102,-21.436239129346,0.00037905376427716
12,"alpha (shared)",8,11,0.132686403531967,-21.0560803891263,-21.0559317428322,0.000148646294135801
12,"alpha (shared)",8,12,0.160326778189107,-20.8726136916227,-20.87132434997,0.00128934165275751
12,"alpha (shared)",8,13,0.193725017185399,-20.1964317545982,-20.1953753389506,0.00105641564763559
12,"alpha (shared)",8,14,0.234080561634046,-19.0234055821016,-19.0243232666197,-0.00091768451815355
12,"alpha (shared)",8,15,0.282842712474619,-18.9927820022847,-18.9939631884603,-0.00118118617554686
12,"alpha (shared)",8,16,0.341762679658422,-21.5867653609656,-21.5869698855195,-0.000204524553854668
12,"alpha (shared)",8,17,0.412956473884001,-24.7888173303567,-24.7885253486838,0.000291981672841501
12,"alpha (shared)",8,18,0.498980899532823,-28.2412375075311,-28.2299979022586,0.0112396052724506
12,"alpha (shared)",8,19,0.602925377962532,-36.3818151935775,-36.3822585508696,-0.000443357292020607
12,"alpha (shared)",8,20,0.728522898835628,-48.3591408948786,-48.3726539813747,-0.0135130864961326
12,"alpha (shared)",8,21,0.880284084112395,-68.3527119580579,-68.3527051234962,6.83456168815155e-06
12,"alpha (shared)",8,22,1.063659179389,-100.605078983451,-100.605557687201,-0.00047870374986303
12,"alpha (shared)",8,23,1.28523379022495,-149.114222709002,-149.369012009545,-0.254789300542399
12,"alpha (shared)",8,24,1.55296539299822,-217.71768394977,-218.040865123277,-0.323181173507237
12,"alpha (shared)",8,25,1.87646911417417,-313.76771484375,-313.68051577641,0.087199067339327
12,"alpha (shared)",8,26,2.26736304126618,-422.323146952223,-422.325687683187,-0.00254073096402863
12,"alpha (shared)",8,27,2.73968546674553,-547.050772754059,-547.051673254099,-0.00090050004052955
12,"alpha (shared)",8,28,3.31039904950779,-699.245680624768,-699.245709291241,-2.86664729856057e-05
12,"alpha (shared)",8,29,4,-886.478135465728,-886.478133679543,1.78618438440026e-06
12,"alpha (shared)",16,1,0.02,-28.0701332157755,-28.0701321542515,1.06152405265902e-06
12,"alpha (shared)",16,2,0.0241662708342956,-27.653083483086,-27.6530824080862,1.07499976920167e-06
12,"alpha (shared)",16,3,0.0292004323018262,-27.1444074450838,-27.1444062665317,1.17855214298856e-06
12,"alpha (shared)",16,4,0.0352832777742223,-26.5308103931382,-26.5308141159963,-3.72285805028127e-06
12,"alpha (shared)",16,5,0.0426332623306768,-25.8033554577008,-25.8033669693734,-1.15116726071562e-05
12,"alpha (shared)",16,6,0.0515143482016354,-24.9632503550653,-24.9632502425169,1.12548331543394e-07
12,"alpha (shared)",16,7,0.0622454845246463,-24.0309032329209,-24.0308983666601,4.86626079165831e-06
12,"alpha (shared)",16,8,0.0752120618617279,-23.0587549947644,-23.0587530832207,1.91154366291357e-06
12,"alpha (shared)",16,9,0.0908797528478154,-22.145516197409,-22.1455219711351,-5.77372611232363e-06
12,"alpha (shared)",16,10,0.109811236033708,-21.4366181831102,-21.4366239151802,-5.73206992626751e-06
12,"alpha (shared)",16,11,0.132686403531967,-21.0560803891263,-21.0561020219592,-2.16328328548343e-05
12,"alpha (shared)",16,12,0.160326778189107,-20.8726136916227,-20.8726101333944,3.55822837860842e-06
12,"alpha (shared)",16,13,0.193725017185399,-20.1964317545982,-20.1964304933255,1.26127270050347e-06
12,"alpha (shared)",16,14,0.234080561634046,-19.0234055821016,-19.023401545011,4.03709053742318e-06
12,"alpha (shared)",16,15,0.282842712474619,-18.9927820022847,-18.992793640562,-1.16382773001078e-05
12,"alpha (shared)",16,16,0.341762679658422,-21.5867653609656,-21.5867613044237,4.05654190771543e-06
12,"alpha (shared)",16,17,0.412956473884001,-24.7888173303567,-24.7889511107895,-0.000133780432808095
12,"alpha (shared)",16,18,0.498980899532823,-28.2412375075311,-28.2415973931196,-0.000359885588530062
12,"alpha (shared)",16,19,0.602925377962532,-36.3818151935775,-36.3818059589691,9.23460848412105e-06
12,"alpha (shared)",16,20,0.728522898835628,-48.3591408948786,-48.3591863925697,-4.54976910759797e-05
12,"alpha (shared)",16,21,0.880284084112395,-68.3527119580579,-68.3527288797392,-1.69216812508921e-05
12,"alpha (shared)",16,22,1.063659179389,-100.605078983451,-100.6055657987,-0.00048681524842209
12,"alpha (shared)",16,23,1.28523379022495,-149.114222709002,-149.16232074096,-0.0480980319581761
12,"alpha (shared)",16,24,1.55296539299822,-217.71768394977,-218.039429940322,-0.321745990552273
12,"alpha (shared)",16,25,1.87646911417417,-313.76771484375,-313.769245291938,-0.0015304481878502
12,"alpha (shared)",16,26,2.26736304126618,-422.323146952223,-444.494045561881,-22.1708986096585
12,"alpha (shared)",16,27,2.73968546674553,-547.050772754059,-547.050844012648,-7.12585894007134e-05
12,"alpha (shared)",16,28,3.31039904950779,-699.245680624768,-699.245673713144,6.9116237000344e-06
12,"alpha (shared)",16,29,4,-886.478135465728,-886.478135463995,1.73270109371515e-09
12,"alpha (shared)",32,1,0.02,-28.0701332157755,-28.0701332105432,5.23226262316712e-09
12,"alpha (shared)",32,2,0.0241662708342956,-27.653083483086,-27.6530834628001,2.02858849718268e-08
12,"alpha (shared)",32,3,0.0292004323018262,-27.1444074450838,-27.1444076004281,-1.55344221042242e-07
12,"alpha (shared)",32,4,0.0352832777742223,-26.5308103931382,-26.5308106406876,-2.47549351684029e-07
12,"alpha (shared)",32,5,0.0426332623306768,-25.8033554577008,-25.803355479478,-2.17772075927769e-08
12,"alpha (shared)",32,6,0.0515143482016354,-24.9632503550653,-24.9632506945962,-3.39530906501295e-07
12,"alpha (shared)",32,7,0.0622454845246463,-24.0309032329209,-24.0309034523854,-2.19464503459221e-07
12,"alpha (shared)",32,8,0.0752120618617279,-23.0587549947644,-23.0587547852728,2.09491634706183e-07
12,"alpha (shared)",32,9,0.0908797528478154,-22.145516197409,-22.1455163031111,-1.0570215991379e-07
12,"alpha (shared)",32,10,0.109811236033708,-21.4366181831102,-21.4366184271704,-2.44060146314951e-07
12,"alpha (shared)",32,11,0.132686403531967,-21.0560803891263,-21.0560799029958,4.86130485199965e-07
12,"alpha (shared)",32,12,0.160326778189107,-20.8726136916227,-20.8726131294958,5.62126921010986e-07
12,"alpha (shared)",32,13,0.193725017185399,-20.1964317545982,-20.1964307437402,1.01085802839407e-06
12,"alpha (shared)",32,14,0.234080561634046,-19.0234055821016,-19.0234056106315,-2.85299464053423e-08
12,"alpha (shared)",32,15,0.282842712474619,-18.9927820022847,-18.9927820639286,-6.16438562417443e-08
12,"alpha (shared)",32,16,0.341762679658422,-21.5867653609656,-21.5867658529631,-4.91997493412555e-07
12,"alpha (shared)",32,17,0.412956473884001,-24.7888173303567,-24.7888172675575,6.27992271517996e-08
12,"alpha (shared)",32,18,0.498980899532823,-28.2412375075311,-28.2412378375598,-3.30028733230847e-07
12,"alpha (shared)",32,19,0.602925377962532,-36.3818151935775,-36.3818022027752,1.29908023538405e-05
12,"alpha (shared)",32,20,0.728522898835628,-48.3591408948786,-48.3591378586175,3.03626105591093e-06
12,"alpha (shared)",32,21,0.880284084112395,-68.3527119580579,-68.3527142384275,-2.28036952876209e-06
12,"alpha (shared)",32,22,1.063659179389,-100.605078983451,-100.605564365885,-0.000485382434035841
12,"alpha (shared)",32,23,1.28523379022495,-149.114222709002,-149.114228397409,-5.68840712844576e-06
12,"alpha (shared)",32,24,1.55296539299822,-217.71768394977,-217.717622274791,6.16749787809567e-05
12,"alpha (shared)",32,25,1.87646911417417,-313.76771484375,-313.769980102336,-0.00226525858585092
12,"alpha (shared)",32,26,2.26736304126618,-422.323146952223,-444.494045680797,-22.1708987285742
12,"alpha (shared)",32,27,2.73968546674553,-547.050772754059,-547.050772718045,3.60137164534535e-08
12,"alpha (shared)",32,28,3.31039904950779,-699.245680624768,-699.245680623535,1.23316112876637e-09
12,"alpha (shared)",32,29,4,-886.478135465728,-886.478135465734,-6.82121026329696e-12
12,"alpha ratio",4,1,1,-18.7940176208929,-18.7900115183036,0.00400610258931522
12,"alpha ratio",4,2,1.11292361303261,-18.9247808919808,-18.9285587832941,-0.00377789131328043
12,"alpha ratio",4,3,1.23859896844555,-19.8306927282676,-19.8419366649596,-0.0112439366919652
12,"alpha ratio",4,4,1.37846603906089,-21.3898022806176,-21.3501405242402,0.0396617563774626
12,"alpha ratio",4,5,1.53412740463439,-22.8351917775841,-22.53855889116,0.296632886424071
12,"alpha ratio",4,6,1.70736661401804,-23.7510593410795,-23.7351154938777,0.0159438472018003
12,"alpha ratio",4,7,1.90016862084421,-24.9010313556007,-24.9250341111063,-0.024002755505574
12,"alpha ratio",4,8,2.11474252688113,-27.353733575949,-27.3294715144608,0.0242620614881304
12,"alpha ratio",4,9,2.35354689365025,-31.5484148136103,-31.6122301033246,-0.0638152897142312
12,"alpha ratio",4,10,2.61931791232291,-37.2519416178854,-38.1192495279474,-0.867307910062046
12,"alpha ratio",4,11,2.91510075466344,-43.7990469416623,-44.6914860343869,-0.892439092724629
12,"alpha ratio",4,12,3.24428446423412,-51.8991462541842,-53.5445281274297,-1.6453818732455
12,"alpha ratio",4,13,3.61064078764099,-61.7666278392093,-96.4002128647327,-34.6335850255234
12,"alpha ratio",4,14,4.01836739074432,-73.3978919837323,-110.478800079944,-37.0809080962121
12,"alpha ratio",4,15,4.47213595499958,-87.6368746660251,-132.475143670988,-44.8382690049634
12,"alpha ratio",4,16,4.97714570501116,-105.539601690715,-119.705827506301,-14.1662258155858
12,"alpha ratio",4,17,5.53918298061075,-128.018759585914,-127.79585014648,0.222909439434559
12,"alpha ratio",4,18,6.16468753603005,-156.066504884821,-260.389033634747,-104.322528749926
12,"alpha ratio",4,19,6.86082632581565,-190.203351215954,-287.625767051808,-97.4224158358537
12,"alpha ratio",4,20,7.63557562291598,-228.674872967053,-323.017074302741,-94.3422013356879
12,"alpha ratio",4,21,8.49781240983936,-273.538146178964,-392.819924646542,-119.281778467578
12,"alpha ratio",4,22,9.45741609003175,-325.727065326124,-428.355339473336,-102.628274147213
12,"alpha ratio",4,23,10.5253816848709,-385.243533595454,-485.871450653261,-100.627917057807
12,"alpha ratio",4,24,11.7139458132737,-451.819055077434,-507.021259546306,-55.2022044688715
12,"alpha ratio",4,25,13.0367268973768,-525.150470219822,-611.760886584881,-86.6104163650591
12,"alpha ratio",4,26,14.508881200748,-605.30282740262,-906.570302677677,-301.267475275057
12,"alpha ratio",4,27,16.1472764869973,-692.911085351153,-1010.01670652683,-317.105621175675
12,"alpha ratio",4,28,17.9706852885455,-789.087971159937,-1122.43772780108,-333.349756641143
12,"alpha ratio",4,29,20,-895.419563610695,-1247.41432730214,-351.994763691444
12,"alpha ratio",8,1,1,-18.7940176208929,-18.7945192397396,-0.000501618846747931
12,"alpha ratio",8,2,1.11292361303261,-18.9247808919808,-18.9236473565329,0.00113353544796269
12,"alpha ratio",8,3,1.23859896844555,-19.8306927282676,-19.8302712320557,0.000421496211938432
12,"alpha ratio",8,4,1.37846603906089,-21.3898022806176,-21.3848645873843,0.00493769323332671
12,"alpha ratio",8,5,1.53412740463439,-22.8351917775841,-22.8334066735097,0.00178510407430821
12,"alpha ratio",8,6,1.70736661401804,-23.7510593410795,-23.7600147290212,-0.00895538794170037
12,"alpha ratio",8,7,1.90016862084421,-24.9010313556007,-24.8917494395078,0.00928191609293805
12,"alpha ratio",8,8,2.11474252688113,-27.353733575949,-27.3428510326337,0.0108825433152262
12,"alpha ratio",8,9,2.35354689365025,-31.5484148136103,-31.5389877550544,0.0094270585558931
12,"alpha ratio",8,10,2.61931791232291,-37.2519416178854,-37.2251914430586,0.0267501748267662
12,"alpha ratio",8,11,2.91510075466344,-43.7990469416623,-45.6644161773393,-1.86536923567703
12,"alpha ratio",8,12,3.24428446423412,-51.8991462541842,-51.5578843961524,0.341261858031785
12,"alpha ratio",8,13,3.61064078764099,-61.7666278392093,-61.0332722242076,0.733355615001649
12,"alpha ratio",8,14,4.01836739074432,-73.3978919837323,-73.1278079406112,0.270084043121059
12,"alpha ratio",8,15,4.47213595499958,-87.6368746660251,-87.9823565523477,-0.345481886322588
12,"alpha ratio",8,16,4.97714570501116,-105.539601690715,-105.448546715014,0.0910549757009989
12,"alpha ratio",8,17,5.53918298061075,-128.018759585914,-127.761216736158,0.257542849756533
12,"alpha ratio",8,18,6.16468753603005,-156.066504884821,-256.193283246505,-100.126778361684
12,"alpha ratio",8,19,6.86082632581565,-190.203351215954,-286.28828905542,-96.0849378394654
12,"alpha ratio",8,20,7.63557562291598,-228.674872967053,-322.729507199308,-94.0546342322552
12,"alpha ratio",8,21,8.49781240983936,-273.538146178964,-388.598360538246,-115.060214359282
12,"alpha ratio",8,22,9.45741609003175,-325.727065326124,-436.152310488096,-110.425245161973
12,"alpha ratio",8,23,10.5253816848709,-385.243533595454,-487.553290220478,-102.309756625024
12,"alpha ratio",8,24,11.7139458132737,-451.819055077434,-545.551072347573,-93.7320172701388
12,"alpha ratio",8,25,13.0367268973768,-525.150470219822,-611.102052952877,-85.9515827330553
12,"alpha ratio",8,26,14.508881200748,-605.30282740262,-906.570302677677,-301.267475275057
12,"alpha ratio",8,27,16.1472764869973,-692.911085351153,-1010.01670652683,-317.105621175675
12,"alpha ratio",8,28,17.9706852885455,-789.087971159937,-1122.43772780108,-333.349756641143
12,"alpha ratio",8,29,20,-895.419563610695,-1247.41432730214,-351.994763691444
12,"alpha ratio",16,1,1,-18.7940176208929,-18.7940117533834,5.86750950759551e-06
12,"alpha ratio",16,2,1.11292361303261,-18.9247808919808,-18.9247495270455,3.13649353209655e-05
12,"alpha ratio",16,3,1.23859896844555,-19.8306927282676,-19.830709116988,-1.63887203186164e-05
12,"alpha ratio",16,4,1.37846603906089,-21.3898022806176,-21.3895730014255,0.000229279192161869
12,"alpha ratio",16,5,1.53412740463439,-22.8351917775841,-22.8349519919724,0.000239785611626075
12,"alpha ratio",16,6,1.70736661401804,-23.7510593410795,-23.7512094849642,-0.000150143884749099
12,"alpha ratio",16,7,1.90016862084421,-24.9010313556007,-24.9008222894398,0.000209066160948623
12,"alpha ratio",16,8,2.11474252688113,-27.353733575949,-27.353870300519,-0.000136724570005242
12,"alpha ratio",16,9,2.35354689365025,-31.5484148136103,-31.5486741973173,-0.000259383706953997
12,"alpha ratio",16,10,2.61931791232291,-37.2519416178854,-37.2521194489804,-0.000177831095001579
12,"alpha ratio",16,11,2.91510075466344,-43.7990469416623,-43.7987057606304,0.000341181031885185
12,"alpha ratio",16,12,3.24428446423412,-51.8991462541842,-51.8968014287047,0.00234482547945447
12,"alpha ratio",16,13,3.61064078764099,-61.7666278392093,-61.705827113506,0.0608007257032952
12,"alpha ratio",16,14,4.01836739074432,-73.3978919837323,-73.3979528637894,-6.08800571342272e-05
12,"alpha ratio",16,15,4.47213595499958,-87.6368746660251,-87.9351988249323,-0.298324158907178
12,"alpha ratio",16,16,4.97714570501116,-105.539601690715,-105.5861323604,-0.0465306696855521
12,"alpha ratio",16,17,5.53918298061075,-128.018759585914,-128.025540785628,-0.00678119971399838
12,"alpha ratio",16,18,6.16468753603005,-156.066504884821,-256.173463198569,-100.106958313748
12,"alpha ratio",16,19,6.86082632581565,-190.203351215954,-286.543031394808,-96.3396801788538
12,"alpha ratio",16,20,7.63557562291598,-228.674872967053,-320.821321538609,-92.146448571556
12,"alpha ratio",16,21,8.49781240983936,-273.538146178964,-362.179126011223,-88.6409798322586
12,"alpha ratio",16,22,9.45741609003175,-325.727065326124,-436.152327715026,-110.425262388902
12,"alpha ratio",16,23,10.5253816848709,-385.243533595454,-487.556854300213,-102.313320704759
12,"alpha ratio",16,24,11.7139458132737,-451.819055077434,-545.555264611268,-93.7362095338339
12,"alpha ratio",16,25,13.0367268973768,-525.150470219822,-611.102052911333,-85.9515826915112
12,"alpha ratio",16,26,14.508881200748,-605.30282740262,-906.570302677677,-301.267475275057
12,"alpha ratio",16,27,16.1472764869973,-692.911085351153,-1010.01670652683,-317.105621175675
12,"alpha ratio",16,28,17.9706852885455,-789.087971159937,-1122.43772780108,-333.349756641143
12,"alpha ratio",16,29,20,-895.419563610695,-1247.41432730214,-351.994763691444
12,"alpha ratio",32,1,1,-18.7940176208929,-18.7940178168244,-1.95931527002813e-07
12,"alpha ratio",32,2,1.11292361303261,-18.9247808919808,-18.9247810451435,-1.53162691418629e-07
12,"alpha ratio",32,3,1.23859896844555,-19.8306927282676,-19.8306931677339,-4.39466234070096e-07
12,"alpha ratio",32,4,1.37846603906089,-21.3898022806176,-21.3898035436033,-1.26298568403627e-06
12,"alpha ratio",32,5,1.53412740463439,-22.8351917775841,-22.835189160215,2.61736906637111e-06
12,"alpha ratio",32,6,1.70736661401804,-23.7510593410795,-23.7510889644083,-2.96233288246128e-05
12,"alpha ratio",32,7,1.90016862084421,-24.9010313556007,-24.9010311540981,2.01502590613245e-07
12,"alpha ratio",32,8,2.11474252688113,-27.353733575949,-27.3537522128476,-1.86368986838659e-05
12,"alpha ratio",32,9,2.35354689365025,-31.5484148136103,-31.5483710377155,4.37758947811062e-05
12,"alpha ratio",32,10,2.61931791232291,-37.2519416178854,-37.2519552094147,-1.35915293668631e-05
12,"alpha ratio",32,11,2.91510075466344,-43.7990469416623,-43.7989571387351,8.98029271922951e-05
12,"alpha ratio",32,12,3.24428446423412,-51.8991462541842,-51.8990438998329,0.000102354351326994
12,"alpha ratio",32,13,3.61064078764099,-61.7666278392093,-61.7665445429552,8.32962540258109e-05
12,"alpha ratio",32,14,4.01836739074432,-73.3978919837323,-73.3978591071803,3.2876551983918e-05
12,"alpha ratio",32,15,4.47213595499958,-87.6368746660251,-87.6368629643937,1.17016313367913e-05
12,"alpha ratio",32,16,4.97714570501116,-105.539601690715,-105.539596259197,5.43151814724752e-06
12,"alpha ratio",32,17,5.53918298061075,-128.018759585914,-128.018749935066,9.65084819881667e-06
12,"alpha ratio",32,18,6.16468753603005,-156.066504884821,-255.241816165635,-99.1753112808146
12,"alpha ratio",32,19,6.86082632581565,-190.203351215954,-286.54286579479,-96.3395145788356
12,"alpha ratio",32,20,7.63557562291598,-228.674872967053,-320.821321539404,-92.1464485723507
12,"alpha ratio",32,21,8.49781240983936,-273.538146178964,-362.179126011427,-88.6409798324624
12,"alpha ratio",32,22,9.45741609003175,-325.727065326124,-436.152327713849,-110.425262387725
12,"alpha ratio",32,23,10.5253816848709,-385.243533595454,-487.556854297505,-102.313320702051
12,"alpha ratio",32,24,11.7139458132737,-451.819055077434,-545.555264611268,-93.7362095338339
12,"alpha ratio",32,25,13.0367268973768,-525.150470219822,-611.102052911333,-85.9515826915112
12,"alpha ratio",32,26,14.508881200748,-605.30282740262,-906.570302677677,-301.267475275057
12,"alpha ratio",32,27,16.1472764869973,-692.911085351153,-1010.01670652683,-317.105621175675
12,"alpha ratio",32,28,17.9706852885455,-789.087971159937,-1122.43772780108,-333.349756641143
12,"alpha ratio",32,29,20,-895.419563610695,-1247.41432730214,-351.994763691444
12,"sigma.sq ratio",4,1,1,-37.3321855235126,-38.1720589765114,-0.839873452998809
12,"sigma.sq ratio",4,2,1.11292361303261,-35.9442972326532,-36.6468846084864,-0.702587375833261
12,"sigma.sq ratio",4,3,1.23859896844555,-34.6668663463933,-35.4222424336056,-0.755376087212284
12,"sigma.sq ratio",4,4,1.37846603906089,-33.4973911787133,-33.3878805741591,0.109510604554167
12,"sigma.sq ratio",4,5,1.53412740463439,-32.4324219692339,-32.3673028601726,0.0651191090613779
12,"sigma.sq ratio",4,6,1.70736661401804,-31.4677826597485,-31.5118134699391,-0.0440308101905238
12,"sigma.sq ratio",4,7,1.90016862084421,-30.5987674460082,-30.6725604407809,-0.0737929947727558
12,"sigma.sq ratio",4,8,2.11474252688113,-29.8203108212884,-29.9261168337645,-0.105806012476052
12,"sigma.sq ratio",4,9,2.35354689365025,-29.1271065548087,-29.2367159249596,-0.109609370150913
12,"sigma.sq ratio",4,10,2.61931791232291,-28.5136464706574,-28.6528828933583,-0.139236422700954
12,"sigma.sq ratio",4,11,2.91510075466344,-27.9741740203531,-28.1288822663829,-0.15470824602977
12,"sigma.sq ratio",4,12,3.24428446423412,-27.5025976203447,-27.6549949250879,-0.15239730474314
12,"sigma.sq ratio",4,13,3.61064078764099,-27.0924619160104,-27.2251677723925,-0.132705856382117
12,"sigma.sq ratio",4,14,4.01836739074432,-26.73709419622,-26.8372867723567,-0.100192576136742
12,"sigma.sq ratio",4,15,4.47213595499958,-26.4299946237091,-26.4918932754598,-0.0618986517507132
12,"sigma.sq ratio",4,16,4.97714570501116,-26.1654201957004,-26.1903949249063,-0.0249747292058409
12,"sigma.sq ratio",4,17,5.53918298061075,-25.938976001711,-25.9328141011212,0.00616190058982724
12,"sigma.sq ratio",4,18,6.16468753603005,-25.7479700751086,-25.7296890459282,0.0182810291803968
12,"sigma.sq ratio",4,19,6.86082632581565,-25.591375859679,-25.5575787173291,0.0337971423498935
12,"sigma.sq ratio",4,20,7.63557562291598,-25.4694319638299,-25.4283942755862,0.0410376882437546
12,"sigma.sq ratio",4,21,8.49781240983936,-25.3830593324472,-25.3408181309762,0.0422412014709153
12,"sigma.sq ratio",4,22,9.45741609003175,-25.3333005815916,-25.2934498139695,0.0398507676220952
12,"sigma.sq ratio",4,23,10.5253816848709,-25.3209090903507,-25.2852479245566,0.0356611657941173
12,"sigma.sq ratio",4,24,11.7139458132737,-25.3461190481447,-25.3152391509683,0.0308798971764155
12,"sigma.sq ratio",4,25,13.0367268973768,-25.408567426528,-25.3823542477212,0.0262131788067705
12,"sigma.sq ratio",4,26,14.508881200748,-25.5073204145304,-25.4853136947178,0.0220067198126266
12,"sigma.sq ratio",4,27,16.1472764869973,-25.6409617301712,-25.6226067087805,0.0183550213906436
12,"sigma.sq ratio",4,28,17.9706852885455,-25.8077112617009,-25.7923356538775,0.015375607823426
12,"sigma.sq ratio",4,29,20,-26.0055518290788,-25.9958450805026,0.00970674857624942
12,"sigma.sq ratio",8,1,1,-37.3321855235126,-37.3322621213565,-7.65978439858372e-05
12,"sigma.sq ratio",8,2,1.11292361303261,-35.9442972326532,-35.9444245542851,-0.000127321631929078
12,"sigma.sq ratio",8,3,1.23859896844555,-34.6668663463933,-34.6670550089139,-0.000188662520606897
12,"sigma.sq ratio",8,4,1.37846603906089,-33.4973911787133,-33.4976338249349,-0.000242646221614962
12,"sigma.sq ratio",8,5,1.53412740463439,-32.4324219692339,-32.4326576728468,-0.000235703612851523
12,"sigma.sq ratio",8,6,1.70736661401804,-31.4677826597485,-31.468614356199,-0.000831696450429575
12,"sigma.sq ratio",8,7,1.90016862084421,-30.5987674460082,-30.6000632659627,-0.00129581995455652
12,"sigma.sq ratio",8,8,2.11474252688113,-29.8203108212884,-29.8221808467337,-0.0018700254452817
12,"sigma.sq ratio",8,9,2.35354689365025,-29.1271065548087,-29.1296477335142,-0.00254117870550274
12,"sigma.sq ratio",8,10,2.61931791232291,-28.5136464706574,-28.5167740595004,-0.00312758884300024
12,"sigma.sq ratio",8,11,2.91510075466344,-27.9741740203531,-27.971814323704,0.00235969664912972
12,"sigma.sq ratio",8,12,3.24428446423412,-27.5025976203447,-27.5030014804005,-0.000403860055708805
12,"sigma.sq ratio",8,13,3.61064078764099,-27.0924619160104,-27.0928879527855,-0.000426036775138527
12,"sigma.sq ratio",8,14,4.01836739074432,-26.73709419622,-26.7373867681092,-0.000292571889243476
12,"sigma.sq ratio",8,15,4.47213595499958,-26.4299946237091,-26.4340819293958,-0.00408730568673121
12,"sigma.sq ratio",8,16,4.97714570501116,-26.1654201957004,-26.1693772501145,-0.0039570544141263
12,"sigma.sq ratio",8,17,5.53918298061075,-25.938976001711,-25.9427220811562,-0.00374607944514693
12,"sigma.sq ratio",8,18,6.16468753603005,-25.7479700751086,-25.7522685954669,-0.00429852035836831
12,"sigma.sq ratio",8,19,6.86082632581565,-25.591375859679,-25.5957971427588,-0.00442128307981093
12,"sigma.sq ratio",8,20,7.63557562291598,-25.4694319638299,-25.4736192706312,-0.00418730680125989
12,"sigma.sq ratio",8,21,8.49781240983936,-25.3830593324472,-25.386983305577,-0.0039239731298828
12,"sigma.sq ratio",8,22,9.45741609003175,-25.3333005815916,-25.3348034298454,-0.00150284825379643
12,"sigma.sq ratio",8,23,10.5253816848709,-25.3209090903507,-25.3206619616473,0.00024712870334298
12,"sigma.sq ratio",8,24,11.7139458132737,-25.3461190481447,-25.3457136930592,0.000405355085511871
12,"sigma.sq ratio",8,25,13.0367268973768,-25.408567426528,-25.4080900516226,0.000477374905340611
12,"sigma.sq ratio",8,26,14.508881200748,-25.5073204145304,-25.5070454667754,0.000274947754970611
12,"sigma.sq ratio",8,27,16.1472764869973,-25.6409617301712,-25.6407016235111,0.000260106660096682
12,"sigma.sq ratio",8,28,17.9706852885455,-25.8077112617009,-25.807503682393,0.000207579307854644
12,"sigma.sq ratio",8,29,20,-26.0055518290788,-26.0054636651083,8.81639704992665e-05
12,"sigma.sq ratio",16,1,1,-37.3321855235126,-37.3322282935391,-4.27700265106523e-05
12,"sigma.sq ratio",16,2,1.11292361303261,-35.9442972326532,-35.9443000113086,-2.77865547104739e-06
12,"sigma.sq ratio",16,3,1.23859896844555,-34.6668663463933,-34.6668693731337,-3.02674036589679e-06
12,"sigma.sq ratio",16,4,1.37846603906089,-33.4973911787133,-33.4973944921806,-3.31346728899007e-06
12,"sigma.sq ratio",16,5,1.53412740463439,-32.4324219692339,-32.4324252142513,-3.24501731796545e-06
12,"sigma.sq ratio",16,6,1.70736661401804,-31.4677826597485,-31.4677877458521,-5.08610358807005e-06
12,"sigma.sq ratio",16,7,1.90016862084421,-30.5987674460082,-30.5987819778935,-1.45318853093102e-05
12,"sigma.sq ratio",16,8,2.11474252688113,-29.8203108212884,-29.8203203414028,-9.52011431820665e-06
12,"sigma.sq ratio",16,9,2.35354689365025,-29.1271065548087,-29.1271164174625,-9.86265376567985e-06
12,"sigma.sq ratio",16,10,2.61931791232291,-28.5136464706574,-28.5136544667798,-7.99612244151149e-06
12,"sigma.sq ratio",16,11,2.91510075466344,-27.9741740203531,-27.9741796711205,-5.65076739178494e-06
12,"sigma.sq ratio",16,12,3.24428446423412,-27.5025976203447,-27.5025955999573,2.02038743424282e-06
12,"sigma.sq ratio",16,13,3.61064078764099,-27.0924619160104,-27.0924557350722,6.18093818971488e-06
12,"sigma.sq ratio",16,14,4.01836739074432,-26.73709419622,-26.73709309502,1.10119993834701e-06
12,"sigma.sq ratio",16,15,4.47213595499958,-26.4299946237091,-26.4300460707981,-5.14470890635721e-05
12,"sigma.sq ratio",16,16,4.97714570501116,-26.1654201957004,-26.1654602526587,-4.00569583192123e-05
12,"sigma.sq ratio",16,17,5.53918298061075,-25.938976001711,-25.9389897761452,-1.3774434194147e-05
12,"sigma.sq ratio",16,18,6.16468753603005,-25.7479700751086,-25.7480002659194,-3.01908107971371e-05
12,"sigma.sq ratio",16,19,6.86082632581565,-25.591375859679,-25.5914296793663,-5.38196872668095e-05
12,"sigma.sq ratio",16,20,7.63557562291598,-25.4694319638299,-25.4694921004808,-6.0136650880338e-05
12,"sigma.sq ratio",16,21,8.49781240983936,-25.3830593324472,-25.383131284271,-7.19518238625483e-05
12,"sigma.sq ratio",16,22,9.45741609003175,-25.3333005815916,-25.3333646742999,-6.40927083743748e-05
12,"sigma.sq ratio",16,23,10.5253816848709,-25.3209090903507,-25.3209619714832,-5.28811325111178e-05
12,"sigma.sq ratio",16,24,11.7139458132737,-25.3461190481447,-25.3461084688241,1.05793205413818e-05
12,"sigma.sq ratio",16,25,13.0367268973768,-25.408567426528,-25.4085752472681,-7.82074017280365e-06
12,"sigma.sq ratio",16,26,14.508881200748,-25.5073204145304,-25.5071792406116,0.000141173918777326
12,"sigma.sq ratio",16,27,16.1472764869973,-25.6409617301712,-25.6408097965901,0.00015193358101584
12,"sigma.sq ratio",16,28,17.9706852885455,-25.8077112617009,-25.807527894394,0.000183367306878068
12,"sigma.sq ratio",16,29,20,-26.0055518290788,-26.0054441291232,0.000107699955645302
12,"sigma.sq ratio",32,1,1,-37.3321855235126,-37.332185531244,-7.73142261323301e-09
12,"sigma.sq ratio",32,2,1.11292361303261,-35.9442972326532,-35.944297248857,-1.62038631401629e-08
12,"sigma.sq ratio",32,3,1.23859896844555,-34.6668663463933,-34.6668663575747,-1.11813847070152e-08
12,"sigma.sq ratio",32,4,1.37846603906089,-33.4973911787133,-33.4973912020703,-2.33570176533249e-08
12,"sigma.sq ratio",32,5,1.53412740463439,-32.4324219692339,-32.4324220098414,-4.06074249781341e-08
12,"sigma.sq ratio",32,6,1.70736661401804,-31.4677826597485,-31.4677826709401,-1.1191552573564e-08
12,"sigma.sq ratio",32,7,1.90016862084421,-30.5987674460082,-30.5987674694429,-2.3434751028617e-08
12,"sigma.sq ratio",32,8,2.11474252688113,-29.8203108212884,-29.8203107944669,2.68215636367586e-08
12,"sigma.sq ratio",32,9,2.35354689365025,-29.1271065548087,-29.1271064177119,1.37096833441319e-07
12,"sigma.sq ratio",32,10,2.61931791232291,-28.5136464706574,-28.5136465073108,-3.66533932094626e-08
12,"sigma.sq ratio",32,11,2.91510075466344,-27.9741740203531,-27.9741740024428,1.79103452069285e-08
12,"sigma.sq ratio",32,12,3.24428446423412,-27.5025976203447,-27.5025970879513,5.32393446661672e-07
12,"sigma.sq ratio",32,13,3.61064078764099,-27.0924619160104,-27.0924605446795,1.37133087818597e-06
12,"sigma.sq ratio",32,14,4.01836739074432,-26.73709419622,-26.7370941544877,4.17322603141201e-08
12,"sigma.sq ratio",32,15,4.47213595499958,-26.4299946237091,-26.4299990075745,-4.38386540935198e-06
12,"sigma.sq ratio",32,16,4.97714570501116,-26.1654201957004,-26.1654215095877,-1.31388730650883e-06
12,"sigma.sq ratio",32,17,5.53918298061075,-25.938976001711,-25.9389752045993,7.97111752603996e-07
12,"sigma.sq ratio",32,18,6.16468753603005,-25.7479700751086,-25.7479701985699,-1.23461379786249e-07
12,"sigma.sq ratio",32,19,6.86082632581565,-25.591375859679,-25.5913649914299,1.08682491770651e-05
12,"sigma.sq ratio",32,20,7.63557562291598,-25.4694319638299,-25.4694238768201,8.08700980670096e-06
12,"sigma.sq ratio",32,21,8.49781240983936,-25.3830593324472,-25.3830561379566,3.19449058139298e-06
12,"sigma.sq ratio",32,22,9.45741609003175,-25.3333005815916,-25.3333115843757,-1.10027840989346e-05
12,"sigma.sq ratio",32,23,10.5253816848709,-25.3209090903507,-25.3209192937481,-1.0203397408759e-05
12,"sigma.sq ratio",32,24,11.7139458132737,-25.3461190481447,-25.3461212439371,-2.19579236926393e-06
12,"sigma.sq ratio",32,25,13.0367268973768,-25.408567426528,-25.4085771811791,-9.75465113128848e-06
12,"sigma.sq ratio",32,26,14.508881200748,-25.5073204145304,-25.5073388705337,-1.84560032998604e-05
12,"sigma.sq ratio",32,27,16.1472764869973,-25.6409617301712,-25.6409574510337,4.2791374248452e-06
12,"sigma.sq ratio",32,28,17.9706852885455,-25.8077112617009,-25.8077196853386,-8.42363769848475e-06
12,"sigma.sq ratio",32,29,20,-26.0055518290788,-26.0055804928798,-2.8663800925699e-05
