"task_id","root","candidate","loglik"
"fitmulti-root-mle-generating-parameters","mle","Generating parameters",-438.555272766581
"fitmulti-root-mle-fitmultiou-estimate-from-post","mle","fitmultiOU estimate from post",-437.589217804302
"fitmulti-root-mle-houwie-estimate-from-post","mle","hOUwie estimate from post",-551.763384251905
"fitmulti-root-flat-generating-parameters","flat","Generating parameters",-438.745152244449
"fitmulti-root-flat-fitmultiou-estimate-from-post","flat","fitmultiOU estimate from post",-438.082362261556
"fitmulti-root-flat-houwie-estimate-from-post","flat","hOUwie estimate from post",-553.889717753921
"fitmulti-root-nuisance-generating-parameters","nuisance","Generating parameters",-438.707226879203
"fitmulti-root-nuisance-fitmultiou-estimate-from-post","nuisance","fitmultiOU estimate from post",-437.951422602635
"fitmulti-root-nuisance-houwie-estimate-from-post","nuisance","hOUwie estimate from post",-552.207590554849
